location,seaon,month,date,7_day_precip_in,temp,time,plot,block,treatment,row,shingle_id,slug_count
PA,spring,may,5/31/2023,0,na,830,101,na,na,6.5,1,0
PA,spring,may,5/31/2023,0,na,830,101,na,na,6.5,2,0
PA,spring,may,5/31/2023,0,na,841,101,na,na,10.5,3,0
PA,spring,may,5/31/2023,0,na,841,101,na,na,10.5,4,0
PA,spring,may,5/31/2023,0,na,840,102,na,na,6.5,1,2
PA,spring,may,5/31/2023,0,na,840,102,na,na,6.5,2,1
PA,spring,may,5/31/2023,0,na,840,102,na,na,10.5,3,0
PA,spring,may,5/31/2023,0,na,840,102,na,na,10.5,4,1
PA,spring,may,5/31/2023,0,na,828,103,na,na,6.5,1,0
PA,spring,may,5/31/2023,0,na,828,103,na,na,6.5,2,1
PA,spring,may,5/31/2023,0,na,828,103,na,na,10.5,3,0
PA,spring,may,5/31/2023,0,na,828,103,na,na,10.5,4,0
PA,spring,may,5/31/2023,0,na,830,104,na,na,6.5,1,0
PA,spring,may,5/31/2023,0,na,830,104,na,na,6.5,2,0
PA,spring,may,5/31/2023,0,na,830,104,na,na,10.5,3,0
PA,spring,may,5/31/2023,0,na,830,104,na,na,10.5,4,0
PA,spring,may,5/31/2023,0,na,831,201,na,na,6.5,1,1
PA,spring,may,5/31/2023,0,na,831,201,na,na,6.5,2,1
PA,spring,may,5/31/2023,0,na,840,201,na,na,10.5,3,1
PA,spring,may,5/31/2023,0,na,840,201,na,na,10.5,4,1
PA,spring,may,5/31/2023,0,na,839,202,na,na,6.5,1,1
PA,spring,may,5/31/2023,0,na,839,202,na,na,6.5,2,0
PA,spring,may,5/31/2023,0,na,839,202,na,na,10.5,3,1
PA,spring,may,5/31/2023,0,na,839,202,na,na,10.5,4,1
PA,spring,may,5/31/2023,0,na,829,203,na,na,6.5,1,0
PA,spring,may,5/31/2023,0,na,829,203,na,na,6.5,2,1
PA,spring,may,5/31/2023,0,na,829,203,na,na,10.5,3,0
PA,spring,may,5/31/2023,0,na,829,203,na,na,10.5,4,0
PA,spring,may,5/31/2023,0,na,832,204,na,na,6.5,1,0
PA,spring,may,5/31/2023,0,na,832,204,na,na,6.5,2,1
PA,spring,may,5/31/2023,0,na,832,204,na,na,10.5,3,1
PA,spring,may,5/31/2023,0,na,832,204,na,na,10.5,4,1
PA,spring,may,5/31/2023,0,na,833,301,na,na,6.5,1,0
PA,spring,may,5/31/2023,0,na,833,301,na,na,6.5,2,0
PA,spring,may,5/31/2023,0,na,839,301,na,na,10.5,3,4
PA,spring,may,5/31/2023,0,na,839,301,na,na,10.5,4,1
PA,spring,may,5/31/2023,0,na,838,302,na,na,6.5,1,0
PA,spring,may,5/31/2023,0,na,838,302,na,na,6.5,2,1
PA,spring,may,5/31/2023,0,na,838,302,na,na,10.5,3,0
PA,spring,may,5/31/2023,0,na,838,302,na,na,10.5,4,0
PA,spring,may,5/31/2023,0,na,830,303,na,na,6.5,1,8
PA,spring,may,5/31/2023,0,na,830,303,na,na,6.5,2,3
PA,spring,may,5/31/2023,0,na,830,303,na,na,10.5,3,2
PA,spring,may,5/31/2023,0,na,380,303,na,na,10.5,4,2
PA,spring,may,5/31/2023,0,na,835,304,na,na,6.5,1,3
PA,spring,may,5/31/2023,0,na,835,304,na,na,6.5,2,0
PA,spring,may,5/31/2023,0,na,835,304,na,na,10.5,3,0
PA,spring,may,5/31/2023,0,na,835,304,na,na,10.5,4,0
PA,spring,may,5/31/2023,0,na,834,401,na,na,6.5,1,0
PA,spring,may,5/31/2023,0,na,834,401,na,na,6.5,2,1
PA,spring,may,5/31/2023,0,na,837,401,na,na,10.5,3,0
PA,spring,may,5/31/2023,0,na,837,401,na,na,10.5,4,1
PA,spring,may,5/31/2023,0,na,836,402,na,na,6.5,1,3
PA,spring,may,5/31/2023,0,na,836,402,na,na,6.5,2,2
PA,spring,may,5/31/2023,0,na,836,402,na,na,10.5,3,0
PA,spring,may,5/31/2023,0,na,836,402,na,na,10.5,4,0
PA,spring,may,5/31/2023,0,na,831,403,na,na,6.5,1,1
PA,spring,may,5/31/2023,0,na,831,403,na,na,6.5,2,0
PA,spring,may,5/31/2023,0,na,831,403,na,na,10.5,3,2
PA,spring,may,5/31/2023,0,na,831,403,na,na,10.5,4,3
PA,spring,may,5/31/2023,0,na,837,404,na,na,6.5,1,1
PA,spring,may,5/31/2023,0,na,837,404,na,na,6.5,2,0
PA,spring,may,5/31/2023,0,na,837,404,na,na,10.5,3,1
PA,spring,may,5/31/2023,0,na,837,404,na,na,10.5,4,0
PA,spring,may,5/31/2023,0,na,835,501,na,na,6.5,1,0
PA,spring,may,5/31/2023,0,na,835,501,na,na,6.5,2,1
PA,spring,may,5/31/2023,0,na,835,501,na,na,10.5,3,0
PA,spring,may,5/31/2023,0,na,835,501,na,na,10.5,4,0
PA,spring,may,5/31/2023,0,na,834,502,na,na,6.5,1,0
PA,spring,may,5/31/2023,0,na,834,502,na,na,6.5,2,0
PA,spring,may,5/31/2023,0,na,834,502,na,na,10.5,3,2
PA,spring,may,5/31/2023,0,na,834,502,na,na,10.5,4,1
PA,spring,may,5/31/2023,0,na,832,503,na,na,6.5,1,11
PA,spring,may,5/31/2023,0,na,832,503,na,na,6.5,2,5
PA,spring,may,5/31/2023,0,na,832,503,na,na,10.5,3,1
PA,spring,may,5/31/2023,0,na,832,503,na,na,10.5,4,0
PA,spring,may,5/31/2023,0,na,840,504,na,na,6.5,1,1
PA,spring,may,5/31/2023,0,na,840,504,na,na,6.5,2,1
PA,spring,may,5/31/2023,0,na,840,504,na,na,10.5,3,3
PA,spring,may,5/31/2023,0,na,840,504,na,na,10.5,4,3
PA,spring,june,6/5/2023,0,na,731,101,na,na,6.5,1,0
PA,spring,june,6/5/2023,0,na,731,101,na,na,6.5,2,9
PA,spring,june,6/5/2023,0,na,731,101,na,na,10.5,3,5
PA,spring,june,6/5/2023,0,na,731,101,na,na,10.5,4,1
PA,spring,june,6/5/2023,0,na,739,102,na,na,6.5,1,2
PA,spring,june,6/5/2023,0,na,739,102,na,na,6.5,2,0
PA,spring,june,6/5/2023,0,na,739,102,na,na,10.5,3,0
PA,spring,june,6/5/2023,0,na,739,102,na,na,10.5,4,0
PA,spring,june,6/5/2023,0,na,730,103,na,na,6.5,1,0
PA,spring,june,6/5/2023,0,na,730,103,na,na,6.5,2,1
PA,spring,june,6/5/2023,0,na,730,103,na,na,10.5,3,1
PA,spring,june,6/5/2023,0,na,730,103,na,na,10.5,4,0
PA,spring,june,6/5/2023,0,na,731,104,na,na,6.5,1,1
PA,spring,june,6/5/2023,0,na,731,104,na,na,6.5,2,0
PA,spring,june,6/5/2023,0,na,731,104,na,na,10.5,3,2
PA,spring,june,6/5/2023,0,na,731,104,na,na,10.5,4,0
PA,spring,june,6/5/2023,0,na,733,201,na,na,6.5,1,4
PA,spring,june,6/5/2023,0,na,733,201,na,na,6.5,2,3
PA,spring,june,6/5/2023,0,na,733,201,na,na,10.5,3,1
PA,spring,june,6/5/2023,0,na,733,201,na,na,10.5,4,2
PA,spring,june,6/5/2023,0,na,738,202,na,na,6.5,1,0
PA,spring,june,6/5/2023,0,na,738,202,na,na,6.5,2,2
PA,spring,june,6/5/2023,0,na,738,202,na,na,10.5,3,4
PA,spring,june,6/5/2023,0,na,738,202,na,na,10.5,4,0
PA,spring,june,6/5/2023,0,na,731,203,na,na,6.5,1,0
PA,spring,june,6/5/2023,0,na,731,203,na,na,6.5,2,6
PA,spring,june,6/5/2023,0,na,731,203,na,na,10.5,3,0
PA,spring,june,6/5/2023,0,na,731,203,na,na,10.5,4,3
PA,spring,june,6/5/2023,0,na,733,204,na,na,6.5,1,0
PA,spring,june,6/5/2023,0,na,733,204,na,na,6.5,2,0
PA,spring,june,6/5/2023,0,na,740,204,na,na,10.5,3,8
PA,spring,june,6/5/2023,0,na,740,204,na,na,10.5,4,3
PA,spring,june,6/5/2023,0,na,734,301,na,na,6.5,1,5
PA,spring,june,6/5/2023,0,na,734,301,na,na,6.5,2,2
PA,spring,june,6/5/2023,0,na,734,301,na,na,10.5,3,17
PA,spring,june,6/5/2023,0,na,734,301,na,na,10.5,4,2
PA,spring,june,6/5/2023,0,na,737,302,na,na,6.5,1,4
PA,spring,june,6/5/2023,0,na,737,302,na,na,6.5,2,1
PA,spring,june,6/5/2023,0,na,737,302,na,na,10.5,3,0
PA,spring,june,6/5/2023,0,na,737,302,na,na,10.5,4,4
PA,spring,june,6/5/2023,0,na,732,303,na,na,6.5,1,6
PA,spring,june,6/5/2023,0,na,732,303,na,na,6.5,2,5
PA,spring,june,6/5/2023,0,na,732,303,na,na,10.5,3,2
PA,spring,june,6/5/2023,0,na,732,303,na,na,10.5,4,10
PA,spring,june,6/5/2023,0,na,734,304,na,na,6.5,1,6
PA,spring,june,6/5/2023,0,na,734,304,na,na,6.5,2,0
PA,spring,june,6/5/2023,0,na,739,304,na,na,10.5,3,0
PA,spring,june,6/5/2023,0,na,739,304,na,na,10.5,4,3
PA,spring,june,6/5/2023,0,na,734,401,na,na,6.5,1,2
PA,spring,june,6/5/2023,0,na,734,401,na,na,6.5,2,1
PA,spring,june,6/5/2023,0,na,734,401,na,na,10.5,3,0
PA,spring,june,6/5/2023,0,na,734,401,na,na,10.5,4,0
PA,spring,june,6/5/2023,0,na,736,402,na,na,6.5,1,0
PA,spring,june,6/5/2023,0,na,736,402,na,na,6.5,2,3
PA,spring,june,6/5/2023,0,na,736,402,na,na,10.5,3,1
PA,spring,june,6/5/2023,0,na,736,402,na,na,10.5,4,0
PA,spring,june,6/5/2023,0,na,734,403,na,na,6.5,1,4
PA,spring,june,6/5/2023,0,na,734,403,na,na,6.5,2,4
PA,spring,june,6/5/2023,0,na,734,403,na,na,10.5,3,1
PA,spring,june,6/5/2023,0,na,734,403,na,na,10.5,4,1
PA,spring,june,6/5/2023,0,na,735,404,na,na,6.5,1,4
PA,spring,june,6/5/2023,0,na,735,404,na,na,6.5,2,0
PA,spring,june,6/5/2023,0,na,738,404,na,na,10.5,3,3
PA,spring,june,6/5/2023,0,na,738,404,na,na,10.5,4,0
PA,spring,june,6/5/2023,0,na,735,501,na,na,6.5,1,2
PA,spring,june,6/5/2023,0,na,735,501,na,na,6.5,2,0
PA,spring,june,6/5/2023,0,na,735,501,na,na,10.5,3,5
PA,spring,june,6/5/2023,0,na,735,501,na,na,10.5,4,2
PA,spring,june,6/5/2023,0,na,736,502,na,na,6.5,1,5
PA,spring,june,6/5/2023,0,na,736,502,na,na,6.5,2,5
PA,spring,june,6/5/2023,0,na,736,502,na,na,10.5,3,1
PA,spring,june,6/5/2023,0,na,736,502,na,na,10.5,4,2
PA,spring,june,6/5/2023,0,na,735,503,na,na,6.5,1,3
PA,spring,june,6/5/2023,0,na,735,503,na,na,6.5,2,6
PA,spring,june,6/5/2023,0,na,735,503,na,na,10.5,3,1
PA,spring,june,6/5/2023,0,na,735,503,na,na,10.5,4,4
PA,spring,june,6/5/2023,0,na,736,504,na,na,6.5,1,4
PA,spring,june,6/5/2023,0,na,736,504,na,na,6.5,2,1
PA,spring,june,6/5/2023,0,na,737,504,na,na,10.5,3,3
PA,spring,june,6/5/2023,0,na,737,504,na,na,10.5,4,5
PA,spring,june,6/12/2023,1.22,na,705,101,na,na,6.5,1,0
PA,spring,june,6/12/2023,1.22,na,705,101,na,na,6.5,2,0
PA,spring,june,6/12/2023,1.22,na,705,101,na,na,10.5,3,1
PA,spring,june,6/12/2023,1.22,na,705,101,na,na,10.5,4,2
PA,spring,june,6/12/2023,1.22,na,705,102,na,na,6.5,1,0
PA,spring,june,6/12/2023,1.22,na,705,102,na,na,6.5,2,2
PA,spring,june,6/12/2023,1.22,na,705,102,na,na,10.5,3,2
PA,spring,june,6/12/2023,1.22,na,705,102,na,na,10.5,4,0
PA,spring,june,6/12/2023,1.22,na,714,103,na,na,6.5,1,0
PA,spring,june,6/12/2023,1.22,na,714,103,na,na,6.5,2,0
PA,spring,june,6/12/2023,1.22,na,714,103,na,na,10.5,3,0
PA,spring,june,6/12/2023,1.22,na,714,103,na,na,10.5,4,2
PA,spring,june,6/12/2023,1.22,na,715,104,na,na,6.5,1,0
PA,spring,june,6/12/2023,1.22,na,715,104,na,na,6.5,2,1
PA,spring,june,6/12/2023,1.22,na,715,104,na,na,10.5,3,1
PA,spring,june,6/12/2023,1.22,na,715,104,na,na,10.5,4,0
PA,spring,june,6/12/2023,1.22,na,706,201,na,na,6.5,1,0
PA,spring,june,6/12/2023,1.22,na,706,201,na,na,6.5,2,0
PA,spring,june,6/12/2023,1.22,na,706,201,na,na,10.5,3,0
PA,spring,june,6/12/2023,1.22,na,706,201,na,na,10.5,4,0
PA,spring,june,6/12/2023,1.22,na,706,202,na,na,6.5,1,0
PA,spring,june,6/12/2023,1.22,na,706,202,na,na,6.5,2,1
PA,spring,june,6/12/2023,1.22,na,706,202,na,na,10.5,3,0
PA,spring,june,6/12/2023,1.22,na,706,202,na,na,10.5,4,1
PA,spring,june,6/12/2023,1.22,na,713,203,na,na,6.5,1,0
PA,spring,june,6/12/2023,1.22,na,713,203,na,na,6.5,2,2
PA,spring,june,6/12/2023,1.22,na,713,203,na,na,10.5,3,0
PA,spring,june,6/12/2023,1.22,na,713,203,na,na,10.5,4,1
PA,spring,june,6/12/2023,1.22,na,713,204,na,na,6.5,1,0
PA,spring,june,6/12/2023,1.22,na,713,204,na,na,6.5,2,0
PA,spring,june,6/12/2023,1.22,na,713,204,na,na,10.5,3,1
PA,spring,june,6/12/2023,1.22,na,713,204,na,na,10.5,4,2
PA,spring,june,6/12/2023,1.22,na,707,301,na,na,6.5,1,1
PA,spring,june,6/12/2023,1.22,na,707,301,na,na,6.5,2,0
PA,spring,june,6/12/2023,1.22,na,707,301,na,na,10.5,3,0
PA,spring,june,6/12/2023,1.22,na,707,301,na,na,10.5,4,0
PA,spring,june,6/12/2023,1.22,na,707,302,na,na,6.5,1,1
PA,spring,june,6/12/2023,1.22,na,707,302,na,na,6.5,2,0
PA,spring,june,6/12/2023,1.22,na,707,302,na,na,10.5,3,1
PA,spring,june,6/12/2023,1.22,na,707,302,na,na,10.5,4,0
PA,spring,june,6/12/2023,1.22,na,712,303,na,na,6.5,1,1
PA,spring,june,6/12/2023,1.22,na,712,303,na,na,6.5,2,0
PA,spring,june,6/12/2023,1.22,na,712,303,na,na,10.5,3,3
PA,spring,june,6/12/2023,1.22,na,712,303,na,na,10.5,4,0
PA,spring,june,6/12/2023,1.22,na,712,304,na,na,6.5,1,3
PA,spring,june,6/12/2023,1.22,na,712,304,na,na,6.5,2,2
PA,spring,june,6/12/2023,1.22,na,712,304,na,na,10.5,3,1
PA,spring,june,6/12/2023,1.22,na,712,304,na,na,10.5,4,4
PA,spring,june,6/12/2023,1.22,na,708,401,na,na,6.5,1,0
PA,spring,june,6/12/2023,1.22,na,708,401,na,na,6.5,2,0
PA,spring,june,6/12/2023,1.22,na,708,401,na,na,10.5,3,1
PA,spring,june,6/12/2023,1.22,na,708,401,na,na,10.5,4,0
PA,spring,june,6/12/2023,1.22,na,708,402,na,na,6.5,1,0
PA,spring,june,6/12/2023,1.22,na,708,402,na,na,6.5,2,3
PA,spring,june,6/12/2023,1.22,na,708,402,na,na,10.5,3,0
PA,spring,june,6/12/2023,1.22,na,708,402,na,na,10.5,4,0
PA,spring,june,6/12/2023,1.22,na,711,403,na,na,6.5,1,1
PA,spring,june,6/12/2023,1.22,na,711,403,na,na,6.5,2,1
PA,spring,june,6/12/2023,1.22,na,711,403,na,na,10.5,3,0
PA,spring,june,6/12/2023,1.22,na,711,403,na,na,10.5,4,1
PA,spring,june,6/12/2023,1.22,na,711,404,na,na,6.5,1,0
PA,spring,june,6/12/2023,1.22,na,711,404,na,na,6.5,2,0
PA,spring,june,6/12/2023,1.22,na,711,404,na,na,10.5,3,1
PA,spring,june,6/12/2023,1.22,na,711,404,na,na,10.5,4,0
PA,spring,june,6/12/2023,1.22,na,709,501,na,na,6.5,1,0
PA,spring,june,6/12/2023,1.22,na,709,501,na,na,6.5,2,0
PA,spring,june,6/12/2023,1.22,na,709,501,na,na,10.5,3,0
PA,spring,june,6/12/2023,1.22,na,709,501,na,na,10.5,4,0
PA,spring,june,6/12/2023,1.22,na,709,502,na,na,6.5,1,0
PA,spring,june,6/12/2023,1.22,na,709,502,na,na,6.5,2,3
PA,spring,june,6/12/2023,1.22,na,709,502,na,na,10.5,3,0
PA,spring,june,6/12/2023,1.22,na,709,502,na,na,10.5,4,0
PA,spring,june,6/12/2023,1.22,na,710,503,na,na,6.5,1,1
PA,spring,june,6/12/2023,1.22,na,710,503,na,na,6.5,2,0
PA,spring,june,6/12/2023,1.22,na,710,503,na,na,10.5,3,0
PA,spring,june,6/12/2023,1.22,na,710,503,na,na,10.5,4,1
PA,spring,june,6/12/2023,1.22,na,710,504,na,na,6.5,1,0
PA,spring,june,6/12/2023,1.22,na,710,504,na,na,6.5,2,0
PA,spring,june,6/12/2023,1.22,na,710,504,na,na,10.5,3,1
PA,spring,june,6/12/2023,1.22,na,710,504,na,na,10.5,4,1
PA,spring,june,6/19/2023,2.01,na,656,101,na,na,6.5,1,1
PA,spring,june,6/19/2023,2.01,na,656,101,na,na,6.5,2,1
PA,spring,june,6/19/2023,2.01,na,656,101,na,na,10.5,3,1
PA,spring,june,6/19/2023,2.01,na,656,101,na,na,10.5,4,0
PA,spring,june,6/19/2023,2.01,na,706,102,na,na,6.5,1,0
PA,spring,june,6/19/2023,2.01,na,706,102,na,na,6.5,2,0
PA,spring,june,6/19/2023,2.01,na,706,102,na,na,10.5,3,0
PA,spring,june,6/19/2023,2.01,na,706,102,na,na,10.5,4,0
PA,spring,june,6/19/2023,2.01,na,657,103,na,na,6.5,1,1
PA,spring,june,6/19/2023,2.01,na,657,103,na,na,6.5,2,3
PA,spring,june,6/19/2023,2.01,na,657,103,na,na,10.5,3,0
PA,spring,june,6/19/2023,2.01,na,657,103,na,na,10.5,4,0
PA,spring,june,6/19/2023,2.01,na,706,104,na,na,6.5,1,1
PA,spring,june,6/19/2023,2.01,na,706,104,na,na,6.5,2,0
PA,spring,june,6/19/2023,2.01,na,706,104,na,na,10.5,3,1
PA,spring,june,6/19/2023,2.01,na,706,104,na,na,10.5,4,1
PA,spring,june,6/19/2023,2.01,na,657,201,na,na,6.5,1,1
PA,spring,june,6/19/2023,2.01,na,657,201,na,na,6.5,2,0
PA,spring,june,6/19/2023,2.01,na,657,201,na,na,10.5,3,0
PA,spring,june,6/19/2023,2.01,na,657,201,na,na,10.5,4,0
PA,spring,june,6/19/2023,2.01,na,705,202,na,na,6.5,1,4
PA,spring,june,6/19/2023,2.01,na,705,202,na,na,6.5,2,2
PA,spring,june,6/19/2023,2.01,na,705,202,na,na,10.5,3,3
PA,spring,june,6/19/2023,2.01,na,705,202,na,na,10.5,4,3
PA,spring,june,6/19/2023,2.01,na,657,203,na,na,6.5,1,1
PA,spring,june,6/19/2023,2.01,na,657,203,na,na,6.5,2,2
PA,spring,june,6/19/2023,2.01,na,657,203,na,na,10.5,3,1
PA,spring,june,6/19/2023,2.01,na,657,203,na,na,10.5,4,5
PA,spring,june,6/19/2023,2.01,na,700,204,na,na,6.5,1,1
PA,spring,june,6/19/2023,2.01,na,700,204,na,na,6.5,2,3
PA,spring,june,6/19/2023,2.01,na,700,204,na,na,10.5,3,1
PA,spring,june,6/19/2023,2.01,na,700,204,na,na,10.5,4,1
PA,spring,june,6/19/2023,2.01,na,658,301,na,na,6.5,1,0
PA,spring,june,6/19/2023,2.01,na,658,301,na,na,6.5,2,4
PA,spring,june,6/19/2023,2.01,na,658,301,na,na,10.5,3,3
PA,spring,june,6/19/2023,2.01,na,658,301,na,na,10.5,4,6
PA,spring,june,6/19/2023,2.01,na,704,302,na,na,6.5,1,2
PA,spring,june,6/19/2023,2.01,na,704,302,na,na,6.5,2,7
PA,spring,june,6/19/2023,2.01,na,704,302,na,na,10.5,3,3
PA,spring,june,6/19/2023,2.01,na,704,302,na,na,10.5,4,5
PA,spring,june,6/19/2023,2.01,na,700,303,na,na,6.5,1,5
PA,spring,june,6/19/2023,2.01,na,700,303,na,na,6.5,2,4
PA,spring,june,6/19/2023,2.01,na,700,303,na,na,10.5,3,0
PA,spring,june,6/19/2023,2.01,na,700,303,na,na,10.5,4,2
PA,spring,june,6/19/2023,2.01,na,700,304,na,na,6.5,1,0
PA,spring,june,6/19/2023,2.01,na,700,304,na,na,6.5,2,2
PA,spring,june,6/19/2023,2.01,na,700,304,na,na,10.5,3,0
PA,spring,june,6/19/2023,2.01,na,700,304,na,na,10.5,4,4
PA,spring,june,6/19/2023,2.01,na,659,401,na,na,6.5,1,1
PA,spring,june,6/19/2023,2.01,na,659,401,na,na,6.5,2,4
PA,spring,june,6/19/2023,2.01,na,659,401,na,na,10.5,3,1
PA,spring,june,6/19/2023,2.01,na,659,401,na,na,10.5,4,0
PA,spring,june,6/19/2023,2.01,na,703,402,na,na,6.5,1,0
PA,spring,june,6/19/2023,2.01,na,703,402,na,na,6.5,2,0
PA,spring,june,6/19/2023,2.01,na,703,402,na,na,10.5,3,2
PA,spring,june,6/19/2023,2.01,na,703,402,na,na,10.5,4,1
PA,spring,june,6/19/2023,2.01,na,700,403,na,na,6.5,1,1
PA,spring,june,6/19/2023,2.01,na,700,403,na,na,6.5,2,2
PA,spring,june,6/19/2023,2.01,na,700,403,na,na,10.5,3,3
PA,spring,june,6/19/2023,2.01,na,700,403,na,na,10.5,4,1
PA,spring,june,6/19/2023,2.01,na,700,404,na,na,6.5,1,1
PA,spring,june,6/19/2023,2.01,na,700,404,na,na,6.5,2,1
PA,spring,june,6/19/2023,2.01,na,700,404,na,na,10.5,3,2
PA,spring,june,6/19/2023,2.01,na,700,404,na,na,10.5,4,0
PA,spring,june,6/19/2023,2.01,na,700,501,na,na,6.5,1,3
PA,spring,june,6/19/2023,2.01,na,700,501,na,na,6.5,2,1
PA,spring,june,6/19/2023,2.01,na,700,501,na,na,10.5,3,1
PA,spring,june,6/19/2023,2.01,na,700,501,na,na,10.5,4,0
PA,spring,june,6/19/2023,2.01,na,700,502,na,na,6.5,1,1
PA,spring,june,6/19/2023,2.01,na,702,502,na,na,6.5,2,1
PA,spring,june,6/19/2023,2.01,na,702,502,na,na,10.5,3,1
PA,spring,june,6/19/2023,2.01,na,702,502,na,na,10.5,4,0
PA,spring,june,6/19/2023,2.01,na,700,503,na,na,6.5,1,1
PA,spring,june,6/19/2023,2.01,na,700,503,na,na,6.5,2,1
PA,spring,june,6/19/2023,2.01,na,700,503,na,na,10.5,3,0
PA,spring,june,6/19/2023,2.01,na,700,503,na,na,10.5,4,1
PA,spring,june,6/19/2023,2.01,na,700,504,na,na,6.5,1,0
PA,spring,june,6/19/2023,2.01,na,700,504,na,na,6.5,2,2
PA,spring,june,6/19/2023,2.01,na,700,504,na,na,10.5,3,3
PA,spring,june,6/19/2023,2.01,na,700,504,na,na,10.5,4,2
PA,spring,june,6/26/2023,2.17,na,742,101,na,na,6.5,1,0
PA,spring,june,6/26/2023,2.17,na,742,101,na,na,6.5,2,0
PA,spring,june,6/26/2023,2.17,na,742,101,na,na,10.5,3,0
PA,spring,june,6/26/2023,2.17,na,742,101,na,na,10.5,4,0
PA,spring,june,6/26/2023,2.17,na,745,102,na,na,6.5,1,0
PA,spring,june,6/26/2023,2.17,na,745,102,na,na,6.5,2,1
PA,spring,june,6/26/2023,2.17,na,745,102,na,na,10.5,3,0
PA,spring,june,6/26/2023,2.17,na,745,102,na,na,10.5,4,0
PA,spring,june,6/26/2023,2.17,na,751,103,na,na,6.5,1,2
PA,spring,june,6/26/2023,2.17,na,751,103,na,na,6.5,2,4
PA,spring,june,6/26/2023,2.17,na,751,103,na,na,10.5,3,7
PA,spring,june,6/26/2023,2.17,na,751,103,na,na,10.5,4,2
PA,spring,june,6/26/2023,2.17,na,753,104,na,na,6.5,1,1
PA,spring,june,6/26/2023,2.17,na,753,104,na,na,6.5,2,0
PA,spring,june,6/26/2023,2.17,na,753,104,na,na,10.5,3,6
PA,spring,june,6/26/2023,2.17,na,753,104,na,na,10.5,4,2
PA,spring,june,6/26/2023,2.17,na,743,201,na,na,6.5,1,5
PA,spring,june,6/26/2023,2.17,na,743,201,na,na,6.5,2,2
PA,spring,june,6/26/2023,2.17,na,743,201,na,na,10.5,3,0
PA,spring,june,6/26/2023,2.17,na,743,201,na,na,10.5,4,1
PA,spring,june,6/26/2023,2.17,na,746,202,na,na,6.5,1,16
PA,spring,june,6/26/2023,2.17,na,746,202,na,na,6.5,2,5
PA,spring,june,6/26/2023,2.17,na,746,202,na,na,10.5,3,1
PA,spring,june,6/26/2023,2.17,na,746,202,na,na,10.5,4,7
PA,spring,june,6/26/2023,2.17,na,750,203,na,na,6.5,1,0
PA,spring,june,6/26/2023,2.17,na,750,203,na,na,6.5,2,4
PA,spring,june,6/26/2023,2.17,na,750,203,na,na,10.5,3,4
PA,spring,june,6/26/2023,2.17,na,750,203,na,na,10.5,4,4
PA,spring,june,6/26/2023,2.17,na,753,204,na,na,6.5,1,7
PA,spring,june,6/26/2023,2.17,na,753,204,na,na,6.5,2,3
PA,spring,june,6/26/2023,2.17,na,753,204,na,na,10.5,3,4
PA,spring,june,6/26/2023,2.17,na,753,204,na,na,10.5,4,0
PA,spring,june,6/26/2023,2.17,na,744,301,na,na,6.5,1,7
PA,spring,june,6/26/2023,2.17,na,744,301,na,na,6.5,2,7
PA,spring,june,6/26/2023,2.17,na,744,301,na,na,10.5,3,4
PA,spring,june,6/26/2023,2.17,na,744,301,na,na,10.5,4,11
PA,spring,june,6/26/2023,2.17,na,747,302,na,na,6.5,1,1
PA,spring,june,6/26/2023,2.17,na,747,302,na,na,6.5,2,12
PA,spring,june,6/26/2023,2.17,na,747,302,na,na,10.5,3,13
PA,spring,june,6/26/2023,2.17,na,747,302,na,na,10.5,4,11
PA,spring,june,6/26/2023,2.17,na,749,303,na,na,6.5,1,2
PA,spring,june,6/26/2023,2.17,na,749,303,na,na,6.5,2,1
PA,spring,june,6/26/2023,2.17,na,749,303,na,na,10.5,3,2
PA,spring,june,6/26/2023,2.17,na,749,303,na,na,10.5,4,3
PA,spring,june,6/26/2023,2.17,na,752,304,na,na,6.5,1,4
PA,spring,june,6/26/2023,2.17,na,752,304,na,na,6.5,2,15
PA,spring,june,6/26/2023,2.17,na,752,304,na,na,10.5,3,5
PA,spring,june,6/26/2023,2.17,na,752,304,na,na,10.5,4,6
PA,spring,june,6/26/2023,2.17,na,745,401,na,na,6.5,1,2
PA,spring,june,6/26/2023,2.17,na,745,401,na,na,6.5,2,3
PA,spring,june,6/26/2023,2.17,na,745,401,na,na,10.5,3,3
PA,spring,june,6/26/2023,2.17,na,745,401,na,na,10.5,4,3
PA,spring,june,6/26/2023,2.17,na,748,402,na,na,6.5,1,6
PA,spring,june,6/26/2023,2.17,na,748,402,na,na,6.5,2,0
PA,spring,june,6/26/2023,2.17,na,748,402,na,na,10.5,3,3
PA,spring,june,6/26/2023,2.17,na,748,402,na,na,10.5,4,0
PA,spring,june,6/26/2023,2.17,na,748,403,na,na,6.5,1,1
PA,spring,june,6/26/2023,2.17,na,748,403,na,na,6.5,2,3
PA,spring,june,6/26/2023,2.17,na,748,403,na,na,10.5,3,1
PA,spring,june,6/26/2023,2.17,na,748,403,na,na,10.5,4,0
PA,spring,june,6/26/2023,2.17,na,751,404,na,na,6.5,1,0
PA,spring,june,6/26/2023,2.17,na,751,404,na,na,6.5,2,6
PA,spring,june,6/26/2023,2.17,na,751,404,na,na,10.5,3,5
PA,spring,june,6/26/2023,2.17,na,751,404,na,na,10.5,4,2
PA,spring,june,6/26/2023,2.17,na,746,501,na,na,6.5,1,0
PA,spring,june,6/26/2023,2.17,na,746,501,na,na,6.5,2,0
PA,spring,june,6/26/2023,2.17,na,746,501,na,na,10.5,3,2
PA,spring,june,6/26/2023,2.17,na,746,501,na,na,10.5,4,4
PA,spring,june,6/26/2023,2.17,na,749,502,na,na,6.5,1,6
PA,spring,june,6/26/2023,2.17,na,749,502,na,na,6.5,2,2
PA,spring,june,6/26/2023,2.17,na,749,502,na,na,10.5,3,3
PA,spring,june,6/26/2023,2.17,na,749,502,na,na,10.5,4,8
PA,spring,june,6/26/2023,2.17,na,747,503,na,na,6.5,1,6
PA,spring,june,6/26/2023,2.17,na,747,503,na,na,6.5,2,3
PA,spring,june,6/26/2023,2.17,na,747,503,na,na,10.5,3,0
PA,spring,june,6/26/2023,2.17,na,747,503,na,na,10.5,4,4
PA,spring,june,6/26/2023,2.17,na,749,504,na,na,6.5,1,1
PA,spring,june,6/26/2023,2.17,na,749,504,na,na,6.5,2,1
PA,spring,june,6/26/2023,2.17,na,749,504,na,na,10.5,3,8
PA,spring,june,6/26/2023,2.17,na,749,504,na,na,10.5,4,3
PA,spring,july,7/3/2023,3,na,945,101,na,na,6.5,1,1
PA,spring,july,7/3/2023,3,na,945,101,na,na,6.5,2,0
PA,spring,july,7/3/2023,3,na,945,101,na,na,10.5,3,5
PA,spring,july,7/3/2023,3,na,945,101,na,na,10.5,4,1
PA,spring,july,7/3/2023,3,na,945,102,na,na,6.5,1,0
PA,spring,july,7/3/2023,3,na,945,102,na,na,6.5,2,0
PA,spring,july,7/3/2023,3,na,945,102,na,na,10.5,3,0
PA,spring,july,7/3/2023,3,na,945,102,na,na,10.5,4,0
PA,spring,july,7/3/2023,3,na,945,103,na,na,6.5,1,2
PA,spring,july,7/3/2023,3,na,945,103,na,na,6.5,2,3
PA,spring,july,7/3/2023,3,na,945,103,na,na,10.5,3,1
PA,spring,july,7/3/2023,3,na,945,103,na,na,10.5,4,2
PA,spring,july,7/3/2023,3,na,945,104,na,na,6.5,1,1
PA,spring,july,7/3/2023,3,na,945,104,na,na,6.5,2,2
PA,spring,july,7/3/2023,3,na,945,104,na,na,10.5,3,1
PA,spring,july,7/3/2023,3,na,945,104,na,na,10.5,4,5
PA,spring,july,7/3/2023,3,na,945,201,na,na,6.5,1,1
PA,spring,july,7/3/2023,3,na,945,201,na,na,6.5,2,0
PA,spring,july,7/3/2023,3,na,945,201,na,na,10.5,3,0
PA,spring,july,7/3/2023,3,na,945,201,na,na,10.5,4,1
PA,spring,july,7/3/2023,3,na,945,202,na,na,6.5,1,3
PA,spring,july,7/3/2023,3,na,945,202,na,na,6.5,2,0
PA,spring,july,7/3/2023,3,na,945,202,na,na,10.5,3,2
PA,spring,july,7/3/2023,3,na,945,202,na,na,10.5,4,0
PA,spring,july,7/3/2023,3,na,945,203,na,na,6.5,1,3
PA,spring,july,7/3/2023,3,na,945,203,na,na,6.5,2,0
PA,spring,july,7/3/2023,3,na,945,203,na,na,10.5,3,1
PA,spring,july,7/3/2023,3,na,945,203,na,na,10.5,4,0
PA,spring,july,7/3/2023,3,na,945,204,na,na,6.5,1,1
PA,spring,july,7/3/2023,3,na,945,204,na,na,6.5,2,0
PA,spring,july,7/3/2023,3,na,945,204,na,na,10.5,3,4
PA,spring,july,7/3/2023,3,na,945,204,na,na,10.5,4,0
PA,spring,july,7/3/2023,3,na,945,301,na,na,6.5,1,0
PA,spring,july,7/3/2023,3,na,945,301,na,na,6.5,2,0
PA,spring,july,7/3/2023,3,na,945,301,na,na,10.5,3,0
PA,spring,july,7/3/2023,3,na,945,301,na,na,10.5,4,0
PA,spring,july,7/3/2023,3,na,945,302,na,na,6.5,1,1
PA,spring,july,7/3/2023,3,na,945,302,na,na,6.5,2,5
PA,spring,july,7/3/2023,3,na,945,302,na,na,10.5,3,3
PA,spring,july,7/3/2023,3,na,945,302,na,na,10.5,4,4
PA,spring,july,7/3/2023,3,na,945,303,na,na,6.5,1,0
PA,spring,july,7/3/2023,3,na,945,303,na,na,6.5,2,1
PA,spring,july,7/3/2023,3,na,945,303,na,na,10.5,3,1
PA,spring,july,7/3/2023,3,na,945,303,na,na,10.5,4,3
PA,spring,july,7/3/2023,3,na,945,304,na,na,6.5,1,0
PA,spring,july,7/3/2023,3,na,945,304,na,na,6.5,2,3
PA,spring,july,7/3/2023,3,na,945,304,na,na,10.5,3,1
PA,spring,july,7/3/2023,3,na,945,304,na,na,10.5,4,2
PA,spring,july,7/3/2023,3,na,945,401,na,na,6.5,1,3
PA,spring,july,7/3/2023,3,na,945,401,na,na,6.5,2,3
PA,spring,july,7/3/2023,3,na,945,401,na,na,10.5,3,4
PA,spring,july,7/3/2023,3,na,945,401,na,na,10.5,4,0
PA,spring,july,7/3/2023,3,na,945,402,na,na,6.5,1,5
PA,spring,july,7/3/2023,3,na,945,402,na,na,6.5,2,2
PA,spring,july,7/3/2023,3,na,945,402,na,na,10.5,3,3
PA,spring,july,7/3/2023,3,na,945,402,na,na,10.5,4,0
PA,spring,july,7/3/2023,3,na,945,403,na,na,6.5,1,0
PA,spring,july,7/3/2023,3,na,945,403,na,na,6.5,2,0
PA,spring,july,7/3/2023,3,na,945,403,na,na,10.5,3,2
PA,spring,july,7/3/2023,3,na,945,403,na,na,10.5,4,5
PA,spring,july,7/3/2023,3,na,945,404,na,na,6.5,1,2
PA,spring,july,7/3/2023,3,na,945,404,na,na,6.5,2,0
PA,spring,july,7/3/2023,3,na,945,404,na,na,10.5,3,1
PA,spring,july,7/3/2023,3,na,945,404,na,na,10.5,4,2
PA,spring,july,7/3/2023,3,na,945,501,na,na,6.5,1,0
PA,spring,july,7/3/2023,3,na,945,501,na,na,6.5,2,1
PA,spring,july,7/3/2023,3,na,945,501,na,na,10.5,3,1
PA,spring,july,7/3/2023,3,na,945,501,na,na,10.5,4,0
PA,spring,july,7/3/2023,3,na,945,502,na,na,6.5,1,0
PA,spring,july,7/3/2023,3,na,945,502,na,na,6.5,2,1
PA,spring,july,7/3/2023,3,na,945,502,na,na,10.5,3,2
PA,spring,july,7/3/2023,3,na,945,502,na,na,10.5,4,0
PA,spring,july,7/3/2023,3,na,945,503,na,na,6.5,1,0
PA,spring,july,7/3/2023,3,na,945,503,na,na,6.5,2,2
PA,spring,july,7/3/2023,3,na,945,503,na,na,10.5,3,0
PA,spring,july,7/3/2023,3,na,945,503,na,na,10.5,4,1
PA,spring,july,7/3/2023,3,na,945,504,na,na,6.5,1,1
PA,spring,july,7/3/2023,3,na,945,504,na,na,6.5,2,0
PA,spring,july,7/3/2023,3,na,945,504,na,na,10.5,3,0
PA,spring,july,7/3/2023,3,na,945,504,na,na,10.5,4,0
PA,fall,september,9/18/2023,0,na,840,101,na,na,6.5,1,0
PA,fall,september,9/18/2023,0,na,840,101,na,na,6.5,2,0
PA,fall,september,9/18/2023,0,na,840,101,na,na,10.5,3,0
PA,fall,september,9/18/2023,0,na,840,101,na,na,10.5,4,0
PA,fall,september,9/18/2023,0,na,840,102,na,na,6.5,1,0
PA,fall,september,9/18/2023,0,na,840,102,na,na,6.5,2,1
PA,fall,september,9/18/2023,0,na,840,102,na,na,10.5,3,0
PA,fall,september,9/18/2023,0,na,840,102,na,na,10.5,4,1
PA,fall,september,9/18/2023,0,na,840,103,na,na,6.5,1,0
PA,fall,september,9/18/2023,0,na,840,103,na,na,6.5,2,0
PA,fall,september,9/18/2023,0,na,840,103,na,na,10.5,3,0
PA,fall,september,9/18/2023,0,na,840,103,na,na,10.5,4,na
PA,fall,september,9/18/2023,0,na,840,104,na,na,6.5,1,2
PA,fall,september,9/18/2023,0,na,840,104,na,na,6.5,2,na
PA,fall,september,9/18/2023,0,na,840,104,na,na,10.5,3,0
PA,fall,september,9/18/2023,0,na,840,104,na,na,10.5,4,0
PA,fall,september,9/18/2023,0,na,840,201,na,na,6.5,1,0
PA,fall,september,9/18/2023,0,na,840,201,na,na,6.5,2,0
PA,fall,september,9/18/2023,0,na,840,201,na,na,10.5,3,0
PA,fall,september,9/18/2023,0,na,840,201,na,na,10.5,4,0
PA,fall,september,9/18/2023,0,na,840,202,na,na,6.5,1,1
PA,fall,september,9/18/2023,0,na,840,202,na,na,6.5,2,1
PA,fall,september,9/18/2023,0,na,840,202,na,na,10.5,3,0
PA,fall,september,9/18/2023,0,na,840,202,na,na,10.5,4,0
PA,fall,september,9/18/2023,0,na,840,203,na,na,6.5,1,0
PA,fall,september,9/18/2023,0,na,840,203,na,na,6.5,2,0
PA,fall,september,9/18/2023,0,na,840,203,na,na,10.5,3,na
PA,fall,september,9/18/2023,0,na,840,203,na,na,10.5,4,0
PA,fall,september,9/18/2023,0,na,840,204,na,na,6.5,1,0
PA,fall,september,9/18/2023,0,na,840,204,na,na,6.5,2,0
PA,fall,september,9/18/2023,0,na,840,204,na,na,10.5,3,0
PA,fall,september,9/18/2023,0,na,840,204,na,na,10.5,4,0
PA,fall,september,9/18/2023,0,na,840,301,na,na,6.5,1,0
PA,fall,september,9/18/2023,0,na,840,301,na,na,6.5,2,0
PA,fall,september,9/18/2023,0,na,840,301,na,na,10.5,3,0
PA,fall,september,9/18/2023,0,na,840,301,na,na,10.5,4,0
PA,fall,september,9/18/2023,0,na,840,302,na,na,6.5,1,0
PA,fall,september,9/18/2023,0,na,840,302,na,na,6.5,2,0
PA,fall,september,9/18/2023,0,na,840,302,na,na,10.5,3,0
PA,fall,september,9/18/2023,0,na,840,302,na,na,10.5,4,0
PA,fall,september,9/18/2023,0,na,840,303,na,na,6.5,1,na
PA,fall,september,9/18/2023,0,na,840,303,na,na,6.5,2,1
PA,fall,september,9/18/2023,0,na,840,303,na,na,10.5,3,0
PA,fall,september,9/18/2023,0,na,840,303,na,na,10.5,4,0
PA,fall,september,9/18/2023,0,na,840,304,na,na,6.5,1,0
PA,fall,september,9/18/2023,0,na,840,304,na,na,6.5,2,1
PA,fall,september,9/18/2023,0,na,840,304,na,na,10.5,3,1
PA,fall,september,9/18/2023,0,na,840,304,na,na,10.5,4,0
PA,fall,september,9/18/2023,0,na,840,401,na,na,6.5,1,1
PA,fall,september,9/18/2023,0,na,840,401,na,na,6.5,2,0
PA,fall,september,9/18/2023,0,na,840,401,na,na,10.5,3,0
PA,fall,september,9/18/2023,0,na,840,401,na,na,10.5,4,1
PA,fall,september,9/18/2023,0,na,840,402,na,na,6.5,1,0
PA,fall,september,9/18/2023,0,na,840,402,na,na,6.5,2,1
PA,fall,september,9/18/2023,0,na,840,402,na,na,10.5,3,na
PA,fall,september,9/18/2023,0,na,840,402,na,na,10.5,4,0
PA,fall,september,9/18/2023,0,na,840,403,na,na,6.5,1,0
PA,fall,september,9/18/2023,0,na,840,403,na,na,6.5,2,0
PA,fall,september,9/18/2023,0,na,840,403,na,na,10.5,3,0
PA,fall,september,9/18/2023,0,na,840,403,na,na,10.5,4,0
PA,fall,september,9/18/2023,0,na,840,404,na,na,6.5,1,0
PA,fall,september,9/18/2023,0,na,840,404,na,na,6.5,2,0
PA,fall,september,9/18/2023,0,na,840,404,na,na,10.5,3,0
PA,fall,september,9/18/2023,0,na,840,404,na,na,10.5,4,0
PA,fall,september,9/18/2023,0,na,840,501,na,na,6.5,1,0
PA,fall,september,9/18/2023,0,na,840,501,na,na,6.5,2,0
PA,fall,september,9/18/2023,0,na,840,501,na,na,10.5,3,0
PA,fall,september,9/18/2023,0,na,840,501,na,na,10.5,4,0
PA,fall,september,9/18/2023,0,na,840,502,na,na,6.5,1,1
PA,fall,september,9/18/2023,0,na,840,502,na,na,6.5,2,0
PA,fall,september,9/18/2023,0,na,840,502,na,na,10.5,3,na
PA,fall,september,9/18/2023,0,na,840,502,na,na,10.5,4,0
PA,fall,september,9/18/2023,0,na,840,503,na,na,6.5,1,na
PA,fall,september,9/18/2023,0,na,840,503,na,na,6.5,2,na
PA,fall,september,9/18/2023,0,na,840,503,na,na,10.5,3,na
PA,fall,september,9/18/2023,0,na,840,503,na,na,10.5,4,na
PA,fall,september,9/18/2023,0,na,840,504,na,na,6.5,1,1
PA,fall,september,9/18/2023,0,na,840,504,na,na,6.5,2,0
PA,fall,september,9/18/2023,0,na,840,504,na,na,10.5,3,0
PA,fall,september,9/18/2023,0,na,840,504,na,na,10.5,4,0
PA,fall,september,9/29/2023,1.18,na,800,101,na,na,6.5,1,0
PA,fall,september,9/29/2023,1.18,na,800,101,na,na,6.5,2,0
PA,fall,september,9/29/2023,1.18,na,800,101,na,na,10.5,3,2
PA,fall,september,9/29/2023,1.18,na,800,101,na,na,10.5,4,1
PA,fall,september,9/29/2023,1.18,na,800,102,na,na,6.5,1,0
PA,fall,september,9/29/2023,1.18,na,800,102,na,na,6.5,2,0
PA,fall,september,9/29/2023,1.18,na,800,102,na,na,10.5,3,0
PA,fall,september,9/29/2023,1.18,na,800,102,na,na,10.5,4,0
PA,fall,september,9/29/2023,1.18,na,800,103,na,na,6.5,1,1
PA,fall,september,9/29/2023,1.18,na,800,103,na,na,6.5,2,1
PA,fall,september,9/29/2023,1.18,na,800,103,na,na,10.5,3,0
PA,fall,september,9/29/2023,1.18,na,800,103,na,na,10.5,4,0
PA,fall,september,9/29/2023,1.18,na,800,104,na,na,6.5,1,0
PA,fall,september,9/29/2023,1.18,na,800,104,na,na,6.5,2,0
PA,fall,september,9/29/2023,1.18,na,800,104,na,na,10.5,3,0
PA,fall,september,9/29/2023,1.18,na,800,104,na,na,10.5,4,0
PA,fall,september,9/29/2023,1.18,na,800,201,na,na,6.5,1,1
PA,fall,september,9/29/2023,1.18,na,800,201,na,na,6.5,2,0
PA,fall,september,9/29/2023,1.18,na,800,201,na,na,10.5,3,2
PA,fall,september,9/29/2023,1.18,na,800,201,na,na,10.5,4,0
PA,fall,september,9/29/2023,1.18,na,800,202,na,na,6.5,1,0
PA,fall,september,9/29/2023,1.18,na,800,202,na,na,6.5,2,0
PA,fall,september,9/29/2023,1.18,na,800,202,na,na,10.5,3,0
PA,fall,september,9/29/2023,1.18,na,800,202,na,na,10.5,4,0
PA,fall,september,9/29/2023,1.18,na,800,203,na,na,6.5,1,0
PA,fall,september,9/29/2023,1.18,na,800,203,na,na,6.5,2,0
PA,fall,september,9/29/2023,1.18,na,800,203,na,na,10.5,3,0
PA,fall,september,9/29/2023,1.18,na,800,203,na,na,10.5,4,na
PA,fall,september,9/29/2023,1.18,na,800,204,na,na,6.5,1,0
PA,fall,september,9/29/2023,1.18,na,800,204,na,na,6.5,2,0
PA,fall,september,9/29/2023,1.18,na,800,204,na,na,10.5,3,1
PA,fall,september,9/29/2023,1.18,na,800,204,na,na,10.5,4,0
PA,fall,september,9/29/2023,1.18,na,800,301,na,na,6.5,1,0
PA,fall,september,9/29/2023,1.18,na,800,301,na,na,6.5,2,0
PA,fall,september,9/29/2023,1.18,na,800,301,na,na,10.5,3,0
PA,fall,september,9/29/2023,1.18,na,800,301,na,na,10.5,4,0
PA,fall,september,9/29/2023,1.18,na,800,302,na,na,6.5,1,0
PA,fall,september,9/29/2023,1.18,na,800,302,na,na,6.5,2,0
PA,fall,september,9/29/2023,1.18,na,800,302,na,na,10.5,3,0
PA,fall,september,9/29/2023,1.18,na,800,302,na,na,10.5,4,0
PA,fall,september,9/29/2023,1.18,na,800,303,na,na,6.5,1,0
PA,fall,september,9/29/2023,1.18,na,800,303,na,na,6.5,2,0
PA,fall,september,9/29/2023,1.18,na,800,303,na,na,10.5,3,0
PA,fall,september,9/29/2023,1.18,na,800,303,na,na,10.5,4,0
PA,fall,september,9/29/2023,1.18,na,800,304,na,na,6.5,1,0
PA,fall,september,9/29/2023,1.18,na,800,304,na,na,6.5,2,5
PA,fall,september,9/29/2023,1.18,na,800,304,na,na,10.5,3,0
PA,fall,september,9/29/2023,1.18,na,800,304,na,na,10.5,4,0
PA,fall,september,9/29/2023,1.18,na,800,401,na,na,6.5,1,0
PA,fall,september,9/29/2023,1.18,na,800,401,na,na,6.5,2,0
PA,fall,september,9/29/2023,1.18,na,800,401,na,na,10.5,3,1
PA,fall,september,9/29/2023,1.18,na,800,401,na,na,10.5,4,0
PA,fall,september,9/29/2023,1.18,na,800,402,na,na,6.5,1,0
PA,fall,september,9/29/2023,1.18,na,800,402,na,na,6.5,2,0
PA,fall,september,9/29/2023,1.18,na,800,402,na,na,10.5,3,0
PA,fall,september,9/29/2023,1.18,na,800,402,na,na,10.5,4,0
PA,fall,september,9/29/2023,1.18,na,800,403,na,na,6.5,1,0
PA,fall,september,9/29/2023,1.18,na,800,403,na,na,6.5,2,0
PA,fall,september,9/29/2023,1.18,na,800,403,na,na,10.5,3,0
PA,fall,september,9/29/2023,1.18,na,800,403,na,na,10.5,4,0
PA,fall,september,9/29/2023,1.18,na,800,404,na,na,6.5,1,0
PA,fall,september,9/29/2023,1.18,na,800,404,na,na,6.5,2,0
PA,fall,september,9/29/2023,1.18,na,800,404,na,na,10.5,3,0
PA,fall,september,9/29/2023,1.18,na,800,404,na,na,10.5,4,na
PA,fall,september,9/29/2023,1.18,na,800,501,na,na,6.5,1,1
PA,fall,september,9/29/2023,1.18,na,800,501,na,na,6.5,2,0
PA,fall,september,9/29/2023,1.18,na,800,501,na,na,10.5,3,0
PA,fall,september,9/29/2023,1.18,na,800,501,na,na,10.5,4,0
PA,fall,september,9/29/2023,1.18,na,800,502,na,na,6.5,1,1
PA,fall,september,9/29/2023,1.18,na,800,502,na,na,6.5,2,0
PA,fall,september,9/29/2023,1.18,na,800,502,na,na,10.5,3,0
PA,fall,september,9/29/2023,1.18,na,800,502,na,na,10.5,4,0
PA,fall,september,9/29/2023,1.18,na,800,503,na,na,6.5,1,0
PA,fall,september,9/29/2023,1.18,na,800,503,na,na,6.5,2,0
PA,fall,september,9/29/2023,1.18,na,800,503,na,na,10.5,3,1
PA,fall,september,9/29/2023,1.18,na,800,503,na,na,10.5,4,0
PA,fall,september,9/29/2023,1.18,na,800,504,na,na,6.5,1,0
PA,fall,september,9/29/2023,1.18,na,800,504,na,na,6.5,2,1
PA,fall,september,9/29/2023,1.18,na,800,504,na,na,10.5,3,0
PA,fall,september,9/29/2023,1.18,na,800,504,na,na,10.5,4,0
PA,fall,october,10/3/2023,0,na,800,101,na,na,6.5,1,1
PA,fall,october,10/3/2023,0,na,800,101,na,na,6.5,2,0
PA,fall,october,10/3/2023,0,na,800,101,na,na,10.5,3,0
PA,fall,october,10/3/2023,0,na,800,101,na,na,10.5,4,1
PA,fall,october,10/3/2023,0,na,800,102,na,na,6.5,1,1
PA,fall,october,10/3/2023,0,na,800,102,na,na,6.5,2,0
PA,fall,october,10/3/2023,0,na,800,102,na,na,10.5,3,0
PA,fall,october,10/3/2023,0,na,800,102,na,na,10.5,4,0
PA,fall,october,10/3/2023,0,na,800,103,na,na,6.5,1,0
PA,fall,october,10/3/2023,0,na,800,103,na,na,6.5,2,1
PA,fall,october,10/3/2023,0,na,800,103,na,na,10.5,3,4
PA,fall,october,10/3/2023,0,na,800,103,na,na,10.5,4,0
PA,fall,october,10/3/2023,0,na,800,104,na,na,6.5,1,0
PA,fall,october,10/3/2023,0,na,800,104,na,na,6.5,2,0
PA,fall,october,10/3/2023,0,na,800,104,na,na,10.5,3,1
PA,fall,october,10/3/2023,0,na,800,104,na,na,10.5,4,0
PA,fall,october,10/3/2023,0,na,800,201,na,na,6.5,1,0
PA,fall,october,10/3/2023,0,na,800,201,na,na,6.5,2,0
PA,fall,october,10/3/2023,0,na,800,201,na,na,10.5,3,1
PA,fall,october,10/3/2023,0,na,800,201,na,na,10.5,4,0
PA,fall,october,10/3/2023,0,na,800,202,na,na,6.5,1,0
PA,fall,october,10/3/2023,0,na,800,202,na,na,6.5,2,0
PA,fall,october,10/3/2023,0,na,800,202,na,na,10.5,3,1
PA,fall,october,10/3/2023,0,na,800,202,na,na,10.5,4,0
PA,fall,october,10/3/2023,0,na,800,203,na,na,6.5,1,0
PA,fall,october,10/3/2023,0,na,800,203,na,na,6.5,2,1
PA,fall,october,10/3/2023,0,na,800,203,na,na,10.5,3,0
PA,fall,october,10/3/2023,0,na,800,203,na,na,10.5,4,0
PA,fall,october,10/3/2023,0,na,800,204,na,na,6.5,1,0
PA,fall,october,10/3/2023,0,na,800,204,na,na,6.5,2,0
PA,fall,october,10/3/2023,0,na,800,204,na,na,10.5,3,0
PA,fall,october,10/3/2023,0,na,800,204,na,na,10.5,4,1
PA,fall,october,10/3/2023,0,na,800,301,na,na,6.5,1,0
PA,fall,october,10/3/2023,0,na,800,301,na,na,6.5,2,0
PA,fall,october,10/3/2023,0,na,800,301,na,na,10.5,3,1
PA,fall,october,10/3/2023,0,na,800,301,na,na,10.5,4,1
PA,fall,october,10/3/2023,0,na,800,302,na,na,6.5,1,0
PA,fall,october,10/3/2023,0,na,800,302,na,na,6.5,2,0
PA,fall,october,10/3/2023,0,na,800,302,na,na,10.5,3,0
PA,fall,october,10/3/2023,0,na,800,302,na,na,10.5,4,2
PA,fall,october,10/3/2023,0,na,800,303,na,na,6.5,1,0
PA,fall,october,10/3/2023,0,na,800,303,na,na,6.5,2,0
PA,fall,october,10/3/2023,0,na,800,303,na,na,10.5,3,1
PA,fall,october,10/3/2023,0,na,800,303,na,na,10.5,4,0
PA,fall,october,10/3/2023,0,na,800,304,na,na,6.5,1,0
PA,fall,october,10/3/2023,0,na,800,304,na,na,6.5,2,0
PA,fall,october,10/3/2023,0,na,800,304,na,na,10.5,3,0
PA,fall,october,10/3/2023,0,na,800,304,na,na,10.5,4,1
PA,fall,october,10/3/2023,0,na,800,401,na,na,6.5,1,0
PA,fall,october,10/3/2023,0,na,800,401,na,na,6.5,2,1
PA,fall,october,10/3/2023,0,na,800,401,na,na,10.5,3,0
PA,fall,october,10/3/2023,0,na,800,401,na,na,10.5,4,0
PA,fall,october,10/3/2023,0,na,800,402,na,na,6.5,1,0
PA,fall,october,10/3/2023,0,na,800,402,na,na,6.5,2,0
PA,fall,october,10/3/2023,0,na,800,402,na,na,10.5,3,0
PA,fall,october,10/3/2023,0,na,800,402,na,na,10.5,4,0
PA,fall,october,10/3/2023,0,na,800,403,na,na,6.5,1,0
PA,fall,october,10/3/2023,0,na,800,403,na,na,6.5,2,1
PA,fall,october,10/3/2023,0,na,800,403,na,na,10.5,3,0
PA,fall,october,10/3/2023,0,na,800,403,na,na,10.5,4,1
PA,fall,october,10/3/2023,0,na,800,404,na,na,6.5,1,0
PA,fall,october,10/3/2023,0,na,800,404,na,na,6.5,2,0
PA,fall,october,10/3/2023,0,na,800,404,na,na,10.5,3,0
PA,fall,october,10/3/2023,0,na,800,404,na,na,10.5,4,0
PA,fall,october,10/3/2023,0,na,800,501,na,na,6.5,1,0
PA,fall,october,10/3/2023,0,na,800,501,na,na,6.5,2,0
PA,fall,october,10/3/2023,0,na,800,501,na,na,10.5,3,0
PA,fall,october,10/3/2023,0,na,800,501,na,na,10.5,4,0
PA,fall,october,10/3/2023,0,na,800,502,na,na,6.5,1,0
PA,fall,october,10/3/2023,0,na,800,502,na,na,6.5,2,0
PA,fall,october,10/3/2023,0,na,800,502,na,na,10.5,3,0
PA,fall,october,10/3/2023,0,na,800,502,na,na,10.5,4,0
PA,fall,october,10/3/2023,0,na,800,503,na,na,6.5,1,0
PA,fall,october,10/3/2023,0,na,800,503,na,na,6.5,2,0
PA,fall,october,10/3/2023,0,na,800,503,na,na,10.5,3,1
PA,fall,october,10/3/2023,0,na,800,503,na,na,10.5,4,0
PA,fall,october,10/3/2023,0,na,800,504,na,na,6.5,1,0
PA,fall,october,10/3/2023,0,na,800,504,na,na,6.5,2,0
PA,fall,october,10/3/2023,0,na,800,504,na,na,10.5,3,0
PA,fall,october,10/3/2023,0,na,800,504,na,na,10.5,4,0
PA,spring,june,6/7/2022,0.68,18.8,958,101,na,na,6.5,101-1,0
PA,spring,june,6/7/2022,0.68,18.8,958,101,na,na,6.5,101-2,0
PA,spring,june,6/7/2022,0.68,18.8,958,101,na,na,10.5,101-3,0
PA,spring,june,6/7/2022,0.68,18.8,958,101,na,na,10.5,101-4,0
PA,spring,june,6/7/2022,0.68,18.8,958,102,na,na,6.5,102-1,0
PA,spring,june,6/7/2022,0.68,18.8,958,102,na,na,6.5,102-2,0
PA,spring,june,6/7/2022,0.68,18.8,958,102,na,na,10.5,102-3,0
PA,spring,june,6/7/2022,0.68,18.8,958,102,na,na,10.5,102-4,0
PA,spring,june,6/7/2022,0.68,18.8,958,103,na,na,6.5,103-1,0
PA,spring,june,6/7/2022,0.68,18.8,958,103,na,na,6.5,103-2,0
PA,spring,june,6/7/2022,0.68,18.8,958,103,na,na,10.5,103-3,0
PA,spring,june,6/7/2022,0.68,18.8,958,103,na,na,10.5,103-4,0
PA,spring,june,6/7/2022,0.68,18.8,958,104,na,na,6.5,104-1,0
PA,spring,june,6/7/2022,0.68,18.8,958,104,na,na,6.5,104-2,0
PA,spring,june,6/7/2022,0.68,18.8,958,104,na,na,10.5,104-3,na
PA,spring,june,6/7/2022,0.68,18.8,958,104,na,na,10.5,104-4,na
PA,spring,june,6/7/2022,0.68,18.8,1000,201,na,na,6.5,201-1,0
PA,spring,june,6/7/2022,0.68,18.8,1000,201,na,na,6.5,201-2,0
PA,spring,june,6/7/2022,0.68,18.8,1000,201,na,na,10.5,201-3,0
PA,spring,june,6/7/2022,0.68,18.8,1000,201,na,na,10.5,201-4,0
PA,spring,june,6/7/2022,0.68,18.8,1000,202,na,na,6.5,202-1,0
PA,spring,june,6/7/2022,0.68,18.8,1000,202,na,na,6.5,202-2,0
PA,spring,june,6/7/2022,0.68,18.8,1000,202,na,na,10.5,202-3,0
PA,spring,june,6/7/2022,0.68,18.8,1000,202,na,na,10.5,202-4,0
PA,spring,june,6/7/2022,0.68,18.8,1000,203,na,na,6.5,203-1,0
PA,spring,june,6/7/2022,0.68,18.8,1000,203,na,na,6.5,203-2,0
PA,spring,june,6/7/2022,0.68,18.8,1000,203,na,na,10.5,203-3,0
PA,spring,june,6/7/2022,0.68,18.8,1000,203,na,na,10.5,203-4,0
PA,spring,june,6/7/2022,0.68,18.8,1000,204,na,na,6.5,204-1,0
PA,spring,june,6/7/2022,0.68,18.8,1000,204,na,na,6.5,204-2,0
PA,spring,june,6/7/2022,0.68,18.8,1000,204,na,na,10.5,204-3,na
PA,spring,june,6/7/2022,0.68,18.8,1000,204,na,na,10.5,204-4,0
PA,spring,june,6/7/2022,0.68,18.8,1000,301,na,na,6.5,301-1,0
PA,spring,june,6/7/2022,0.68,18.8,1000,301,na,na,6.5,301-2,0
PA,spring,june,6/7/2022,0.68,18.8,1000,301,na,na,10.5,301-3,0
PA,spring,june,6/7/2022,0.68,18.8,1000,301,na,na,10.5,301-4,0
PA,spring,june,6/7/2022,0.68,18.8,1000,302,na,na,6.5,302-1,0
PA,spring,june,6/7/2022,0.68,18.8,1000,302,na,na,6.5,302-2,0
PA,spring,june,6/7/2022,0.68,18.8,1000,302,na,na,10.5,302-3,0
PA,spring,june,6/7/2022,0.68,18.8,1000,302,na,na,10.5,302-4,0
PA,spring,june,6/7/2022,0.68,18.8,1000,303,na,na,6.5,303-1,0
PA,spring,june,6/7/2022,0.68,18.8,1000,303,na,na,6.5,303-2,0
PA,spring,june,6/7/2022,0.68,18.8,1000,303,na,na,10.5,303-3,0
PA,spring,june,6/7/2022,0.68,18.8,1000,303,na,na,10.5,303-4,0
PA,spring,june,6/7/2022,0.68,18.8,1000,304,na,na,6.5,304-1,0
PA,spring,june,6/7/2022,0.68,18.8,1000,304,na,na,6.5,304-2,0
PA,spring,june,6/7/2022,0.68,18.8,1000,304,na,na,10.5,304-3,0
PA,spring,june,6/7/2022,0.68,18.8,1000,304,na,na,10.5,304-4,0
PA,spring,june,6/7/2022,0.68,18.8,1005,401,na,na,6.5,401-1,0
PA,spring,june,6/7/2022,0.68,18.8,1005,401,na,na,6.5,401-2,0
PA,spring,june,6/7/2022,0.68,18.8,1005,401,na,na,10.5,401-3,0
PA,spring,june,6/7/2022,0.68,18.8,1005,401,na,na,10.5,401-4,0
PA,spring,june,6/7/2022,0.68,18.8,1005,402,na,na,6.5,402-1,0
PA,spring,june,6/7/2022,0.68,18.8,1005,402,na,na,6.5,402-2,0
PA,spring,june,6/7/2022,0.68,18.8,1005,402,na,na,10.5,402-3,0
PA,spring,june,6/7/2022,0.68,18.8,1005,402,na,na,10.5,402-4,0
PA,spring,june,6/7/2022,0.68,18.8,1018,403,na,na,6.5,403-1,0
PA,spring,june,6/7/2022,0.68,18.8,1018,403,na,na,6.5,403-2,0
PA,spring,june,6/7/2022,0.68,18.8,1018,403,na,na,10.5,403-3,0
PA,spring,june,6/7/2022,0.68,18.8,1018,403,na,na,10.5,403-4,0
PA,spring,june,6/7/2022,0.68,18.8,1018,404,na,na,6.5,404-1,0
PA,spring,june,6/7/2022,0.68,18.8,1018,404,na,na,6.5,404-2,0
PA,spring,june,6/7/2022,0.68,18.8,1018,404,na,na,10.5,404-3,0
PA,spring,june,6/7/2022,0.68,18.8,1018,404,na,na,10.5,404-4,0
PA,spring,june,6/7/2022,0.68,18.8,1004,501,na,na,6.5,501-1,
PA,spring,june,6/7/2022,0.68,18.8,1004,501,na,na,6.5,501-2,
PA,spring,june,6/7/2022,0.68,18.8,1004,501,na,na,10.5,501-3,
PA,spring,june,6/7/2022,0.68,18.8,1004,501,na,na,10.5,501-4,
PA,spring,june,6/7/2022,0.68,18.8,1004,502,na,na,6.5,502-1,0
PA,spring,june,6/7/2022,0.68,18.8,1004,502,na,na,6.5,502-2,0
PA,spring,june,6/7/2022,0.68,18.8,1004,502,na,na,10.5,502-3,0
PA,spring,june,6/7/2022,0.68,18.8,1004,502,na,na,10.5,502-4,0
PA,spring,june,6/7/2022,0.68,18.8,1004,503,na,na,6.5,503-1,0
PA,spring,june,6/7/2022,0.68,18.8,1004,503,na,na,6.5,503-2,0
PA,spring,june,6/7/2022,0.68,18.8,1004,503,na,na,10.5,503-3,0
PA,spring,june,6/7/2022,0.68,18.8,1004,503,na,na,10.5,503-4,0
PA,spring,june,6/7/2022,0.68,18.8,1004,504,na,na,6.5,504-1,0
PA,spring,june,6/7/2022,0.68,18.8,1004,504,na,na,6.5,504-2,0
PA,spring,june,6/7/2022,0.68,18.8,1004,504,na,na,10.5,504-3,0
PA,spring,june,6/7/2022,0.68,18.8,1004,504,na,na,10.5,504-4,0
PA,spring,june,6/13/2022,1.04,21.1,943,101,na,na,6.5,101-1,0
PA,spring,june,6/13/2022,1.04,21.1,943,101,na,na,6.5,101-2,0
PA,spring,june,6/13/2022,1.04,21.1,943,101,na,na,10.5,101-3,0
PA,spring,june,6/13/2022,1.04,21.1,943,101,na,na,10.5,101-4,0
PA,spring,june,6/13/2022,1.04,21.1,943,102,na,na,6.5,102-1,0
PA,spring,june,6/13/2022,1.04,21.1,943,102,na,na,6.5,102-2,0
PA,spring,june,6/13/2022,1.04,21.1,943,102,na,na,10.5,102-3,0
PA,spring,june,6/13/2022,1.04,21.1,943,102,na,na,10.5,102-4,0
PA,spring,june,6/13/2022,1.04,21.1,943,103,na,na,6.5,103-1,0
PA,spring,june,6/13/2022,1.04,21.1,943,103,na,na,6.5,103-2,0
PA,spring,june,6/13/2022,1.04,21.1,943,103,na,na,10.5,103-3,0
PA,spring,june,6/13/2022,1.04,21.1,943,103,na,na,10.5,103-4,0
PA,spring,june,6/13/2022,1.04,21.1,943,104,na,na,6.5,104-1,0
PA,spring,june,6/13/2022,1.04,21.1,943,104,na,na,6.5,104-2,0
PA,spring,june,6/13/2022,1.04,21.1,943,104,na,na,10.5,104-3,0
PA,spring,june,6/13/2022,1.04,21.1,943,104,na,na,10.5,104-4,0
PA,spring,june,6/13/2022,1.04,21.1,943,201,na,na,6.5,201-1,0
PA,spring,june,6/13/2022,1.04,21.1,943,201,na,na,6.5,201-2,0
PA,spring,june,6/13/2022,1.04,21.1,943,201,na,na,10.5,201-3,0
PA,spring,june,6/13/2022,1.04,21.1,943,201,na,na,10.5,201-4,0
PA,spring,june,6/13/2022,1.04,21.1,943,202,na,na,6.5,202-1,0
PA,spring,june,6/13/2022,1.04,21.1,943,202,na,na,6.5,202-2,0
PA,spring,june,6/13/2022,1.04,21.1,943,202,na,na,10.5,202-3,0
PA,spring,june,6/13/2022,1.04,21.1,943,202,na,na,10.5,202-4,0
PA,spring,june,6/13/2022,1.04,21.1,943,203,na,na,6.5,203-1,0
PA,spring,june,6/13/2022,1.04,21.1,943,203,na,na,6.5,203-2,0
PA,spring,june,6/13/2022,1.04,21.1,943,203,na,na,10.5,203-3,0
PA,spring,june,6/13/2022,1.04,21.1,943,203,na,na,10.5,203-4,0
PA,spring,june,6/13/2022,1.04,21.1,943,204,na,na,6.5,204-1,0
PA,spring,june,6/13/2022,1.04,21.1,943,204,na,na,6.5,204-2,0
PA,spring,june,6/13/2022,1.04,21.1,943,204,na,na,10.5,204-3,0
PA,spring,june,6/13/2022,1.04,21.1,943,204,na,na,10.5,204-4,0
PA,spring,june,6/13/2022,1.04,21.1,944,301,na,na,6.5,301-1,0
PA,spring,june,6/13/2022,1.04,21.1,944,301,na,na,6.5,301-2,0
PA,spring,june,6/13/2022,1.04,21.1,944,301,na,na,10.5,301-3,0
PA,spring,june,6/13/2022,1.04,21.1,944,301,na,na,10.5,301-4,0
PA,spring,june,6/13/2022,1.04,21.1,944,302,na,na,6.5,302-1,0
PA,spring,june,6/13/2022,1.04,21.1,944,302,na,na,6.5,302-2,0
PA,spring,june,6/13/2022,1.04,21.1,944,302,na,na,10.5,302-3,0
PA,spring,june,6/13/2022,1.04,21.1,944,302,na,na,10.5,302-4,0
PA,spring,june,6/13/2022,1.04,21.1,944,303,na,na,6.5,303-1,0
PA,spring,june,6/13/2022,1.04,21.1,944,303,na,na,6.5,303-2,0
PA,spring,june,6/13/2022,1.04,21.1,944,303,na,na,10.5,303-3,0
PA,spring,june,6/13/2022,1.04,21.1,944,303,na,na,10.5,303-4,0
PA,spring,june,6/13/2022,1.04,21.1,944,304,na,na,6.5,304-1,0
PA,spring,june,6/13/2022,1.04,21.1,944,304,na,na,6.5,304-2,0
PA,spring,june,6/13/2022,1.04,21.1,944,304,na,na,10.5,304-3,0
PA,spring,june,6/13/2022,1.04,21.1,944,304,na,na,10.5,304-4,0
PA,spring,june,6/13/2022,1.04,21.1,943,401,na,na,6.5,401-1,0
PA,spring,june,6/13/2022,1.04,21.1,943,401,na,na,6.5,401-2,1
PA,spring,june,6/13/2022,1.04,21.1,943,401,na,na,10.5,401-3,0
PA,spring,june,6/13/2022,1.04,21.1,943,401,na,na,10.5,401-4,0
PA,spring,june,6/13/2022,1.04,21.1,943,402,na,na,6.5,402-1,0
PA,spring,june,6/13/2022,1.04,21.1,943,402,na,na,6.5,402-2,1
PA,spring,june,6/13/2022,1.04,21.1,943,402,na,na,10.5,402-3,0
PA,spring,june,6/13/2022,1.04,21.1,943,402,na,na,10.5,402-4,0
PA,spring,june,6/13/2022,1.04,21.1,943,403,na,na,6.5,403-1,0
PA,spring,june,6/13/2022,1.04,21.1,943,403,na,na,6.5,403-2,0
PA,spring,june,6/13/2022,1.04,21.1,943,403,na,na,10.5,403-3,0
PA,spring,june,6/13/2022,1.04,21.1,943,403,na,na,10.5,403-4,0
PA,spring,june,6/13/2022,1.04,21.1,943,404,na,na,6.5,404-1,0
PA,spring,june,6/13/2022,1.04,21.1,943,404,na,na,6.5,404-2,1
PA,spring,june,6/13/2022,1.04,21.1,943,404,na,na,10.5,404-3,0
PA,spring,june,6/13/2022,1.04,21.1,943,404,na,na,10.5,404-4,0
PA,spring,june,6/13/2022,1.04,21.1,951,501,na,na,6.5,501-1,0
PA,spring,june,6/13/2022,1.04,21.1,951,501,na,na,6.5,501-2,0
PA,spring,june,6/13/2022,1.04,21.1,951,501,na,na,10.5,501-3,0
PA,spring,june,6/13/2022,1.04,21.1,951,501,na,na,10.5,501-4,0
PA,spring,june,6/13/2022,1.04,21.1,951,502,na,na,6.5,502-1,0
PA,spring,june,6/13/2022,1.04,21.1,951,502,na,na,6.5,502-2,0
PA,spring,june,6/13/2022,1.04,21.1,951,502,na,na,10.5,502-3,0
PA,spring,june,6/13/2022,1.04,21.1,951,502,na,na,10.5,502-4,0
PA,spring,june,6/13/2022,1.04,21.1,952,503,na,na,6.5,503-1,0
PA,spring,june,6/13/2022,1.04,21.1,952,503,na,na,6.5,503-2,0
PA,spring,june,6/13/2022,1.04,21.1,952,503,na,na,10.5,503-3,0
PA,spring,june,6/13/2022,1.04,21.1,952,503,na,na,10.5,503-4,0
PA,spring,june,6/13/2022,1.04,21.1,952,504,na,na,6.5,504-1,0
PA,spring,june,6/13/2022,1.04,21.1,952,504,na,na,6.5,504-2,0
PA,spring,june,6/13/2022,1.04,21.1,952,504,na,na,10.5,504-3,0
PA,spring,june,6/13/2022,1.04,21.1,952,504,na,na,10.5,504-4,0
PA,spring,june,6/24/2022,1.44,18.8,948,101,na,na,6.5,101-1,0
PA,spring,june,6/24/2022,1.44,18.8,948,101,na,na,6.5,101-2,0
PA,spring,june,6/24/2022,1.44,18.8,948,101,na,na,10.5,101-3,0
PA,spring,june,6/24/2022,1.44,18.8,948,101,na,na,10.5,101-4,0
PA,spring,june,6/24/2022,1.44,18.8,948,102,na,na,6.5,102-1,0
PA,spring,june,6/24/2022,1.44,18.8,948,102,na,na,6.5,102-2,0
PA,spring,june,6/24/2022,1.44,18.8,948,102,na,na,10.5,102-3,0
PA,spring,june,6/24/2022,1.44,18.8,948,102,na,na,10.5,102-4,0
PA,spring,june,6/24/2022,1.44,18.8,948,103,na,na,6.5,103-1,0
PA,spring,june,6/24/2022,1.44,18.8,948,103,na,na,6.5,103-2,0
PA,spring,june,6/24/2022,1.44,18.8,948,103,na,na,10.5,103-3,0
PA,spring,june,6/24/2022,1.44,18.8,948,103,na,na,10.5,103-4,0
PA,spring,june,6/24/2022,1.44,18.8,948,104,na,na,6.5,104-1,0
PA,spring,june,6/24/2022,1.44,18.8,948,104,na,na,6.5,104-2,0
PA,spring,june,6/24/2022,1.44,18.8,948,104,na,na,10.5,104-3,0
PA,spring,june,6/24/2022,1.44,18.8,948,104,na,na,10.5,104-4,0
PA,spring,june,6/24/2022,1.44,18.8,942,201,na,na,6.5,201-1,0
PA,spring,june,6/24/2022,1.44,18.8,942,201,na,na,6.5,201-2,0
PA,spring,june,6/24/2022,1.44,18.8,942,201,na,na,10.5,201-3,0
PA,spring,june,6/24/2022,1.44,18.8,942,201,na,na,10.5,201-4,0
PA,spring,june,6/24/2022,1.44,18.8,942,202,na,na,6.5,202-1,0
PA,spring,june,6/24/2022,1.44,18.8,942,202,na,na,6.5,202-2,0
PA,spring,june,6/24/2022,1.44,18.8,942,202,na,na,10.5,202-3,0
PA,spring,june,6/24/2022,1.44,18.8,942,202,na,na,10.5,202-4,0
PA,spring,june,6/24/2022,1.44,18.8,942,203,na,na,6.5,203-1,0
PA,spring,june,6/24/2022,1.44,18.8,942,203,na,na,6.5,203-2,0
PA,spring,june,6/24/2022,1.44,18.8,942,203,na,na,10.5,203-3,0
PA,spring,june,6/24/2022,1.44,18.8,942,203,na,na,10.5,203-4,0
PA,spring,june,6/24/2022,1.44,18.8,942,204,na,na,6.5,204-1,1
PA,spring,june,6/24/2022,1.44,18.8,942,204,na,na,6.5,204-2,0
PA,spring,june,6/24/2022,1.44,18.8,942,204,na,na,10.5,204-3,0
PA,spring,june,6/24/2022,1.44,18.8,942,204,na,na,10.5,204-4,0
PA,spring,june,6/24/2022,1.44,18.8,938,301,na,na,6.5,301-1,0
PA,spring,june,6/24/2022,1.44,18.8,938,301,na,na,6.5,301-2,0
PA,spring,june,6/24/2022,1.44,18.8,938,301,na,na,10.5,301-3,0
PA,spring,june,6/24/2022,1.44,18.8,938,301,na,na,10.5,301-4,0
PA,spring,june,6/24/2022,1.44,18.8,938,302,na,na,6.5,302-1,0
PA,spring,june,6/24/2022,1.44,18.8,938,302,na,na,6.5,302-2,0
PA,spring,june,6/24/2022,1.44,18.8,938,302,na,na,10.5,302-3,0
PA,spring,june,6/24/2022,1.44,18.8,938,302,na,na,10.5,302-4,0
PA,spring,june,6/24/2022,1.44,18.8,938,303,na,na,6.5,303-1,0
PA,spring,june,6/24/2022,1.44,18.8,938,303,na,na,6.5,303-2,0
PA,spring,june,6/24/2022,1.44,18.8,938,303,na,na,10.5,303-3,0
PA,spring,june,6/24/2022,1.44,18.8,938,303,na,na,10.5,303-4,0
PA,spring,june,6/24/2022,1.44,18.8,938,304,na,na,6.5,304-1,0
PA,spring,june,6/24/2022,1.44,18.8,938,304,na,na,6.5,304-2,0
PA,spring,june,6/24/2022,1.44,18.8,938,304,na,na,10.5,304-3,0
PA,spring,june,6/24/2022,1.44,18.8,938,304,na,na,10.5,304-4,0
PA,spring,june,6/24/2022,1.44,18.8,930,401,na,na,6.5,401-1,0
PA,spring,june,6/24/2022,1.44,18.8,930,401,na,na,6.5,401-2,0
PA,spring,june,6/24/2022,1.44,18.8,930,401,na,na,10.5,401-3,0
PA,spring,june,6/24/2022,1.44,18.8,930,401,na,na,10.5,401-4,0
PA,spring,june,6/24/2022,1.44,18.8,930,402,na,na,6.5,402-1,0
PA,spring,june,6/24/2022,1.44,18.8,930,402,na,na,6.5,402-2,0
PA,spring,june,6/24/2022,1.44,18.8,930,402,na,na,10.5,402-3,0
PA,spring,june,6/24/2022,1.44,18.8,930,402,na,na,10.5,402-4,0
PA,spring,june,6/24/2022,1.44,18.8,930,403,na,na,6.5,403-1,0
PA,spring,june,6/24/2022,1.44,18.8,930,403,na,na,6.5,403-2,0
PA,spring,june,6/24/2022,1.44,18.8,930,403,na,na,10.5,403-3,0
PA,spring,june,6/24/2022,1.44,18.8,930,403,na,na,10.5,403-4,0
PA,spring,june,6/24/2022,1.44,18.8,930,404,na,na,6.5,404-1,0
PA,spring,june,6/24/2022,1.44,18.8,930,404,na,na,6.5,404-2,0
PA,spring,june,6/24/2022,1.44,18.8,930,404,na,na,10.5,404-3,0
PA,spring,june,6/24/2022,1.44,18.8,930,404,na,na,10.5,404-4,0
PA,spring,june,6/24/2022,1.44,18.8,923,501,na,na,6.5,501-1,0
PA,spring,june,6/24/2022,1.44,18.8,923,501,na,na,6.5,501-2,0
PA,spring,june,6/24/2022,1.44,18.8,923,501,na,na,10.5,501-3,0
PA,spring,june,6/24/2022,1.44,18.8,923,501,na,na,10.5,501-4,0
PA,spring,june,6/24/2022,1.44,18.8,923,502,na,na,6.5,502-1,0
PA,spring,june,6/24/2022,1.44,18.8,923,502,na,na,6.5,502-2,0
PA,spring,june,6/24/2022,1.44,18.8,923,502,na,na,10.5,502-3,0
PA,spring,june,6/24/2022,1.44,18.8,923,502,na,na,10.5,502-4,0
PA,spring,june,6/24/2022,1.44,18.8,923,503,na,na,6.5,503-1,0
PA,spring,june,6/24/2022,1.44,18.8,923,503,na,na,6.5,503-2,0
PA,spring,june,6/24/2022,1.44,18.8,923,503,na,na,10.5,503-3,0
PA,spring,june,6/24/2022,1.44,18.8,923,503,na,na,10.5,503-4,0
PA,spring,june,6/24/2022,1.44,18.8,923,504,na,na,6.5,504-1,0
PA,spring,june,6/24/2022,1.44,18.8,923,504,na,na,6.5,504-2,1
PA,spring,june,6/24/2022,1.44,18.8,923,504,na,na,10.5,504-3,0
PA,spring,june,6/24/2022,1.44,18.8,923,504,na,na,10.5,504-4,0
PA,spring,june,6/29/2022,0.3,17.2,930,101,na,na,6.5,101-1,0
PA,spring,june,6/29/2022,0.3,17.2,930,101,na,na,6.5,101-2,0
PA,spring,june,6/29/2022,0.3,17.2,930,101,na,na,10.5,101-3,0
PA,spring,june,6/29/2022,0.3,17.2,930,101,na,na,10.5,101-4,0
PA,spring,june,6/29/2022,0.3,17.2,930,102,na,na,6.5,102-1,0
PA,spring,june,6/29/2022,0.3,17.2,930,102,na,na,6.5,102-2,0
PA,spring,june,6/29/2022,0.3,17.2,930,102,na,na,10.5,102-3,0
PA,spring,june,6/29/2022,0.3,17.2,930,102,na,na,10.5,102-4,0
PA,spring,june,6/29/2022,0.3,17.2,930,103,na,na,6.5,103-1,0
PA,spring,june,6/29/2022,0.3,17.2,930,103,na,na,6.5,103-2,0
PA,spring,june,6/29/2022,0.3,17.2,930,103,na,na,10.5,103-3,0
PA,spring,june,6/29/2022,0.3,17.2,930,103,na,na,10.5,103-4,0
PA,spring,june,6/29/2022,0.3,17.2,930,104,na,na,6.5,104-1,0
PA,spring,june,6/29/2022,0.3,17.2,930,104,na,na,6.5,104-2,0
PA,spring,june,6/29/2022,0.3,17.2,930,104,na,na,10.5,104-3,0
PA,spring,june,6/29/2022,0.3,17.2,930,104,na,na,10.5,104-4,0
PA,spring,june,6/29/2022,0.3,17.2,930,201,na,na,6.5,201-1,0
PA,spring,june,6/29/2022,0.3,17.2,930,201,na,na,6.5,201-2,0
PA,spring,june,6/29/2022,0.3,17.2,930,201,na,na,10.5,201-3,0
PA,spring,june,6/29/2022,0.3,17.2,930,201,na,na,10.5,201-4,0
PA,spring,june,6/29/2022,0.3,17.2,930,202,na,na,6.5,202-1,0
PA,spring,june,6/29/2022,0.3,17.2,930,202,na,na,6.5,202-2,0
PA,spring,june,6/29/2022,0.3,17.2,930,202,na,na,10.5,202-3,0
PA,spring,june,6/29/2022,0.3,17.2,930,202,na,na,10.5,202-4,0
PA,spring,june,6/29/2022,0.3,17.2,930,203,na,na,6.5,203-1,0
PA,spring,june,6/29/2022,0.3,17.2,930,203,na,na,6.5,203-2,0
PA,spring,june,6/29/2022,0.3,17.2,930,203,na,na,10.5,203-3,0
PA,spring,june,6/29/2022,0.3,17.2,930,203,na,na,10.5,203-4,0
PA,spring,june,6/29/2022,0.3,17.2,930,204,na,na,6.5,204-1,0
PA,spring,june,6/29/2022,0.3,17.2,930,204,na,na,6.5,204-2,0
PA,spring,june,6/29/2022,0.3,17.2,930,204,na,na,10.5,204-3,0
PA,spring,june,6/29/2022,0.3,17.2,930,204,na,na,10.5,204-4,0
PA,spring,june,6/29/2022,0.3,17.2,930,301,na,na,6.5,301-1,0
PA,spring,june,6/29/2022,0.3,17.2,930,301,na,na,6.5,301-2,0
PA,spring,june,6/29/2022,0.3,17.2,930,301,na,na,10.5,301-3,0
PA,spring,june,6/29/2022,0.3,17.2,930,301,na,na,10.5,301-4,0
PA,spring,june,6/29/2022,0.3,17.2,930,302,na,na,6.5,302-1,0
PA,spring,june,6/29/2022,0.3,17.2,930,302,na,na,6.5,302-2,0
PA,spring,june,6/29/2022,0.3,17.2,930,302,na,na,10.5,302-3,0
PA,spring,june,6/29/2022,0.3,17.2,930,302,na,na,10.5,302-4,0
PA,spring,june,6/29/2022,0.3,17.2,930,303,na,na,6.5,303-1,0
PA,spring,june,6/29/2022,0.3,17.2,930,303,na,na,6.5,303-2,0
PA,spring,june,6/29/2022,0.3,17.2,930,303,na,na,10.5,303-3,0
PA,spring,june,6/29/2022,0.3,17.2,930,303,na,na,10.5,303-4,0
PA,spring,june,6/29/2022,0.3,17.2,930,304,na,na,6.5,304-1,0
PA,spring,june,6/29/2022,0.3,17.2,930,304,na,na,6.5,304-2,0
PA,spring,june,6/29/2022,0.3,17.2,930,304,na,na,10.5,304-3,0
PA,spring,june,6/29/2022,0.3,17.2,930,304,na,na,10.5,304-4,0
PA,spring,june,6/29/2022,0.3,17.2,930,401,na,na,6.5,401-1,0
PA,spring,june,6/29/2022,0.3,17.2,930,401,na,na,6.5,401-2,0
PA,spring,june,6/29/2022,0.3,17.2,930,401,na,na,10.5,401-3,0
PA,spring,june,6/29/2022,0.3,17.2,930,401,na,na,10.5,401-4,0
PA,spring,june,6/29/2022,0.3,17.2,930,402,na,na,6.5,402-1,0
PA,spring,june,6/29/2022,0.3,17.2,930,402,na,na,6.5,402-2,0
PA,spring,june,6/29/2022,0.3,17.2,930,402,na,na,10.5,402-3,0
PA,spring,june,6/29/2022,0.3,17.2,930,402,na,na,10.5,402-4,0
PA,spring,june,6/29/2022,0.3,17.2,930,403,na,na,6.5,403-1,0
PA,spring,june,6/29/2022,0.3,17.2,930,403,na,na,6.5,403-2,0
PA,spring,june,6/29/2022,0.3,17.2,930,403,na,na,10.5,403-3,0
PA,spring,june,6/29/2022,0.3,17.2,930,403,na,na,10.5,403-4,0
PA,spring,june,6/29/2022,0.3,17.2,930,404,na,na,6.5,404-1,0
PA,spring,june,6/29/2022,0.3,17.2,930,404,na,na,6.5,404-2,0
PA,spring,june,6/29/2022,0.3,17.2,930,404,na,na,10.5,404-3,0
PA,spring,june,6/29/2022,0.3,17.2,930,404,na,na,10.5,404-4,0
PA,spring,june,6/29/2022,0.3,17.2,930,501,na,na,6.5,501-1,0
PA,spring,june,6/29/2022,0.3,17.2,930,501,na,na,6.5,501-2,0
PA,spring,june,6/29/2022,0.3,17.2,930,501,na,na,10.5,501-3,0
PA,spring,june,6/29/2022,0.3,17.2,930,501,na,na,10.5,501-4,0
PA,spring,june,6/29/2022,0.3,17.2,930,502,na,na,6.5,502-1,0
PA,spring,june,6/29/2022,0.3,17.2,930,502,na,na,6.5,502-2,0
PA,spring,june,6/29/2022,0.3,17.2,930,502,na,na,10.5,502-3,0
PA,spring,june,6/29/2022,0.3,17.2,930,502,na,na,10.5,502-4,0
PA,spring,june,6/29/2022,0.3,17.2,930,503,na,na,6.5,503-1,0
PA,spring,june,6/29/2022,0.3,17.2,930,503,na,na,6.5,503-2,0
PA,spring,june,6/29/2022,0.3,17.2,930,503,na,na,10.5,503-3,0
PA,spring,june,6/29/2022,0.3,17.2,930,503,na,na,10.5,503-4,0
PA,spring,june,6/29/2022,0.3,17.2,930,504,na,na,6.5,504-1,0
PA,spring,june,6/29/2022,0.3,17.2,930,504,na,na,6.5,504-2,0
PA,spring,june,6/29/2022,0.3,17.2,930,504,na,na,10.5,504-3,0
PA,spring,june,6/29/2022,0.3,17.2,930,504,na,na,10.5,504-4,0
PA,fall,september,9/16/2022,0.78,15.1,930,101,na,na,6.5,101-1,0
PA,fall,september,9/16/2022,0.78,15.1,930,101,na,na,6.5,101-2,1
PA,fall,september,9/16/2022,0.78,15.1,930,101,na,na,10.5,101-3,0
PA,fall,september,9/16/2022,0.78,15.1,930,101,na,na,10.5,101-4,0
PA,fall,september,9/16/2022,0.78,15.1,930,102,na,na,6.5,102-1,0
PA,fall,september,9/16/2022,0.78,15.1,930,102,na,na,6.5,102-2,0
PA,fall,september,9/16/2022,0.78,15.1,930,102,na,na,10.5,102-3,0
PA,fall,september,9/16/2022,0.78,15.1,930,102,na,na,10.5,102-4,0
PA,fall,september,9/16/2022,0.78,15.1,930,103,na,na,6.5,103-1,0
PA,fall,september,9/16/2022,0.78,15.1,930,103,na,na,6.5,103-2,0
PA,fall,september,9/16/2022,0.78,15.1,930,103,na,na,10.5,103-3,0
PA,fall,september,9/16/2022,0.78,15.1,930,103,na,na,10.5,103-4,0
PA,fall,september,9/16/2022,0.78,15.1,930,104,na,na,6.5,104-1,0
PA,fall,september,9/16/2022,0.78,15.1,930,104,na,na,6.5,104-2,0
PA,fall,september,9/16/2022,0.78,15.1,930,104,na,na,10.5,104-3,0
PA,fall,september,9/16/2022,0.78,15.1,930,104,na,na,10.5,104-4,0
PA,fall,september,9/16/2022,0.78,15.1,930,201,na,na,6.5,201-1,0
PA,fall,september,9/16/2022,0.78,15.1,930,201,na,na,6.5,201-2,0
PA,fall,september,9/16/2022,0.78,15.1,930,201,na,na,10.5,201-3,0
PA,fall,september,9/16/2022,0.78,15.1,930,201,na,na,10.5,201-4,0
PA,fall,september,9/16/2022,0.78,15.1,930,202,na,na,6.5,202-1,0
PA,fall,september,9/16/2022,0.78,15.1,930,202,na,na,6.5,202-2,0
PA,fall,september,9/16/2022,0.78,15.1,930,202,na,na,10.5,202-3,0
PA,fall,september,9/16/2022,0.78,15.1,930,202,na,na,10.5,202-4,0
PA,fall,september,9/16/2022,0.78,15.1,930,203,na,na,6.5,203-1,0
PA,fall,september,9/16/2022,0.78,15.1,930,203,na,na,6.5,203-2,0
PA,fall,september,9/16/2022,0.78,15.1,930,203,na,na,10.5,203-3,0
PA,fall,september,9/16/2022,0.78,15.1,930,203,na,na,10.5,203-4,0
PA,fall,september,9/16/2022,0.78,15.1,930,204,na,na,6.5,204-1,0
PA,fall,september,9/16/2022,0.78,15.1,930,204,na,na,6.5,204-2,0
PA,fall,september,9/16/2022,0.78,15.1,930,204,na,na,10.5,204-3,0
PA,fall,september,9/16/2022,0.78,15.1,930,204,na,na,10.5,204-4,0
PA,fall,september,9/16/2022,0.78,15.1,930,301,na,na,6.5,301-1,0
PA,fall,september,9/16/2022,0.78,15.1,930,301,na,na,6.5,301-2,0
PA,fall,september,9/16/2022,0.78,15.1,930,301,na,na,10.5,301-3,0
PA,fall,september,9/16/2022,0.78,15.1,930,301,na,na,10.5,301-4,0
PA,fall,september,9/16/2022,0.78,15.1,930,302,na,na,6.5,302-1,0
PA,fall,september,9/16/2022,0.78,15.1,930,302,na,na,6.5,302-2,0
PA,fall,september,9/16/2022,0.78,15.1,930,302,na,na,10.5,302-3,0
PA,fall,september,9/16/2022,0.78,15.1,930,302,na,na,10.5,302-4,0
PA,fall,september,9/16/2022,0.78,15.1,930,303,na,na,6.5,303-1,0
PA,fall,september,9/16/2022,0.78,15.1,930,303,na,na,6.5,303-2,0
PA,fall,september,9/16/2022,0.78,15.1,930,303,na,na,10.5,303-3,0
PA,fall,september,9/16/2022,0.78,15.1,930,303,na,na,10.5,303-4,0
PA,fall,september,9/16/2022,0.78,15.1,930,304,na,na,6.5,304-1,0
PA,fall,september,9/16/2022,0.78,15.1,930,304,na,na,6.5,304-2,0
PA,fall,september,9/16/2022,0.78,15.1,930,304,na,na,10.5,304-3,0
PA,fall,september,9/16/2022,0.78,15.1,930,304,na,na,10.5,304-4,0
PA,fall,september,9/16/2022,0.78,15.1,930,401,na,na,6.5,401-1,0
PA,fall,september,9/16/2022,0.78,15.1,930,401,na,na,6.5,401-2,0
PA,fall,september,9/16/2022,0.78,15.1,930,401,na,na,10.5,401-3,0
PA,fall,september,9/16/2022,0.78,15.1,930,401,na,na,10.5,401-4,0
PA,fall,september,9/16/2022,0.78,15.1,930,402,na,na,6.5,402-1,0
PA,fall,september,9/16/2022,0.78,15.1,930,402,na,na,6.5,402-2,0
PA,fall,september,9/16/2022,0.78,15.1,930,402,na,na,10.5,402-3,0
PA,fall,september,9/16/2022,0.78,15.1,930,402,na,na,10.5,402-4,0
PA,fall,september,9/16/2022,0.78,15.1,930,403,na,na,6.5,403-1,0
PA,fall,september,9/16/2022,0.78,15.1,930,403,na,na,6.5,403-2,0
PA,fall,september,9/16/2022,0.78,15.1,930,403,na,na,10.5,403-3,0
PA,fall,september,9/16/2022,0.78,15.1,930,403,na,na,10.5,403-4,1
PA,fall,september,9/16/2022,0.78,15.1,930,404,na,na,6.5,404-1,0
PA,fall,september,9/16/2022,0.78,15.1,930,404,na,na,6.5,404-2,0
PA,fall,september,9/16/2022,0.78,15.1,930,404,na,na,10.5,404-3,0
PA,fall,september,9/16/2022,0.78,15.1,930,404,na,na,10.5,404-4,0
PA,fall,september,9/16/2022,0.78,15.1,930,501,na,na,6.5,501-1,0
PA,fall,september,9/16/2022,0.78,15.1,930,501,na,na,6.5,501-2,0
PA,fall,september,9/16/2022,0.78,15.1,930,501,na,na,10.5,501-3,0
PA,fall,september,9/16/2022,0.78,15.1,930,501,na,na,10.5,501-4,0
PA,fall,september,9/16/2022,0.78,15.1,930,502,na,na,6.5,502-1,0
PA,fall,september,9/16/2022,0.78,15.1,930,502,na,na,6.5,502-2,0
PA,fall,september,9/16/2022,0.78,15.1,930,502,na,na,10.5,502-3,0
PA,fall,september,9/16/2022,0.78,15.1,930,502,na,na,10.5,502-4,0
PA,fall,september,9/16/2022,0.78,15.1,930,503,na,na,6.5,503-1,0
PA,fall,september,9/16/2022,0.78,15.1,930,503,na,na,6.5,503-2,1
PA,fall,september,9/16/2022,0.78,15.1,930,503,na,na,10.5,503-3,0
PA,fall,september,9/16/2022,0.78,15.1,930,503,na,na,10.5,503-4,0
PA,fall,september,9/16/2022,0.78,15.1,930,504,na,na,6.5,504-1,0
PA,fall,september,9/16/2022,0.78,15.1,930,504,na,na,6.5,504-2,0
PA,fall,september,9/16/2022,0.78,15.1,930,504,na,na,10.5,504-3,0
PA,fall,september,9/16/2022,0.78,15.1,930,504,na,na,10.5,504-4,0
PA,fall,september,9/21/2022,0.19,17.4,920,101,na,na,6.5,101-1,0
PA,fall,september,9/21/2022,0.19,17.4,920,101,na,na,6.5,101-2,0
PA,fall,september,9/21/2022,0.19,17.4,920,101,na,na,10.5,101-3,0
PA,fall,september,9/21/2022,0.19,17.4,920,101,na,na,10.5,101-4,0
PA,fall,september,9/21/2022,0.19,17.4,920,102,na,na,6.5,102-1,0
PA,fall,september,9/21/2022,0.19,17.4,920,102,na,na,6.5,102-2,0
PA,fall,september,9/21/2022,0.19,17.4,920,102,na,na,10.5,102-3,0
PA,fall,september,9/21/2022,0.19,17.4,920,102,na,na,10.5,102-4,0
PA,fall,september,9/21/2022,0.19,17.4,920,103,na,na,6.5,103-1,0
PA,fall,september,9/21/2022,0.19,17.4,920,103,na,na,6.5,103-2,1
PA,fall,september,9/21/2022,0.19,17.4,920,103,na,na,10.5,103-3,0
PA,fall,september,9/21/2022,0.19,17.4,920,103,na,na,10.5,103-4,0
PA,fall,september,9/21/2022,0.19,17.4,920,104,na,na,6.5,104-1,0
PA,fall,september,9/21/2022,0.19,17.4,920,104,na,na,6.5,104-2,0
PA,fall,september,9/21/2022,0.19,17.4,920,104,na,na,10.5,104-3,0
PA,fall,september,9/21/2022,0.19,17.4,920,104,na,na,10.5,104-4,0
PA,fall,september,9/21/2022,0.19,17.4,920,201,na,na,6.5,201-1,1
PA,fall,september,9/21/2022,0.19,17.4,920,201,na,na,6.5,201-2,0
PA,fall,september,9/21/2022,0.19,17.4,920,201,na,na,10.5,201-3,0
PA,fall,september,9/21/2022,0.19,17.4,920,201,na,na,10.5,201-4,1
PA,fall,september,9/21/2022,0.19,17.4,920,202,na,na,6.5,202-1,0
PA,fall,september,9/21/2022,0.19,17.4,920,202,na,na,6.5,202-2,0
PA,fall,september,9/21/2022,0.19,17.4,920,202,na,na,10.5,202-3,0
PA,fall,september,9/21/2022,0.19,17.4,920,202,na,na,10.5,202-4,0
PA,fall,september,9/21/2022,0.19,17.4,920,203,na,na,6.5,203-1,0
PA,fall,september,9/21/2022,0.19,17.4,920,203,na,na,6.5,203-2,0
PA,fall,september,9/21/2022,0.19,17.4,920,203,na,na,10.5,203-3,0
PA,fall,september,9/21/2022,0.19,17.4,920,203,na,na,10.5,203-4,0
PA,fall,september,9/21/2022,0.19,17.4,920,204,na,na,6.5,204-1,0
PA,fall,september,9/21/2022,0.19,17.4,920,204,na,na,6.5,204-2,1
PA,fall,september,9/21/2022,0.19,17.4,920,204,na,na,10.5,204-3,0
PA,fall,september,9/21/2022,0.19,17.4,920,204,na,na,10.5,204-4,0
PA,fall,september,9/21/2022,0.19,17.4,920,301,na,na,6.5,301-1,0
PA,fall,september,9/21/2022,0.19,17.4,920,301,na,na,6.5,301-2,0
PA,fall,september,9/21/2022,0.19,17.4,920,301,na,na,10.5,301-3,0
PA,fall,september,9/21/2022,0.19,17.4,920,301,na,na,10.5,301-4,0
PA,fall,september,9/21/2022,0.19,17.4,920,302,na,na,6.5,302-1,0
PA,fall,september,9/21/2022,0.19,17.4,920,302,na,na,6.5,302-2,0
PA,fall,september,9/21/2022,0.19,17.4,920,302,na,na,10.5,302-3,0
PA,fall,september,9/21/2022,0.19,17.4,920,302,na,na,10.5,302-4,0
PA,fall,september,9/21/2022,0.19,17.4,920,303,na,na,6.5,303-1,0
PA,fall,september,9/21/2022,0.19,17.4,920,303,na,na,6.5,303-2,0
PA,fall,september,9/21/2022,0.19,17.4,920,303,na,na,10.5,303-3,0
PA,fall,september,9/21/2022,0.19,17.4,920,303,na,na,10.5,303-4,0
PA,fall,september,9/21/2022,0.19,17.4,920,304,na,na,6.5,304-1,0
PA,fall,september,9/21/2022,0.19,17.4,920,304,na,na,6.5,304-2,0
PA,fall,september,9/21/2022,0.19,17.4,920,304,na,na,10.5,304-3,0
PA,fall,september,9/21/2022,0.19,17.4,920,304,na,na,10.5,304-4,0
PA,fall,september,9/21/2022,0.19,17.4,920,401,na,na,6.5,401-1,0
PA,fall,september,9/21/2022,0.19,17.4,920,401,na,na,6.5,401-2,0
PA,fall,september,9/21/2022,0.19,17.4,920,401,na,na,10.5,401-3,0
PA,fall,september,9/21/2022,0.19,17.4,920,401,na,na,10.5,401-4,0
PA,fall,september,9/21/2022,0.19,17.4,920,402,na,na,6.5,402-1,0
PA,fall,september,9/21/2022,0.19,17.4,920,402,na,na,6.5,402-2,0
PA,fall,september,9/21/2022,0.19,17.4,920,402,na,na,10.5,402-3,0
PA,fall,september,9/21/2022,0.19,17.4,920,402,na,na,10.5,402-4,0
PA,fall,september,9/21/2022,0.19,17.4,920,403,na,na,6.5,403-1,0
PA,fall,september,9/21/2022,0.19,17.4,920,403,na,na,6.5,403-2,0
PA,fall,september,9/21/2022,0.19,17.4,920,403,na,na,10.5,403-3,0
PA,fall,september,9/21/2022,0.19,17.4,920,403,na,na,10.5,403-4,0
PA,fall,september,9/21/2022,0.19,17.4,920,404,na,na,6.5,404-1,0
PA,fall,september,9/21/2022,0.19,17.4,920,404,na,na,6.5,404-2,0
PA,fall,september,9/21/2022,0.19,17.4,920,404,na,na,10.5,404-3,0
PA,fall,september,9/21/2022,0.19,17.4,920,404,na,na,10.5,404-4,0
PA,fall,september,9/21/2022,0.19,17.4,920,501,na,na,6.5,501-1,0
PA,fall,september,9/21/2022,0.19,17.4,920,501,na,na,6.5,501-2,0
PA,fall,september,9/21/2022,0.19,17.4,920,501,na,na,10.5,501-3,0
PA,fall,september,9/21/2022,0.19,17.4,920,501,na,na,10.5,501-4,0
PA,fall,september,9/21/2022,0.19,17.4,920,502,na,na,6.5,502-1,0
PA,fall,september,9/21/2022,0.19,17.4,920,502,na,na,6.5,502-2,0
PA,fall,september,9/21/2022,0.19,17.4,920,502,na,na,10.5,502-3,0
PA,fall,september,9/21/2022,0.19,17.4,920,502,na,na,10.5,502-4,0
PA,fall,september,9/21/2022,0.19,17.4,920,503,na,na,6.5,503-1,0
PA,fall,september,9/21/2022,0.19,17.4,920,503,na,na,6.5,503-2,0
PA,fall,september,9/21/2022,0.19,17.4,920,503,na,na,10.5,503-3,0
PA,fall,september,9/21/2022,0.19,17.4,920,503,na,na,10.5,503-4,0
PA,fall,september,9/21/2022,0.19,17.4,920,504,na,na,6.5,504-1,0
PA,fall,september,9/21/2022,0.19,17.4,920,504,na,na,6.5,504-2,0
PA,fall,september,9/21/2022,0.19,17.4,920,504,na,na,10.5,504-3,0
PA,fall,september,9/21/2022,0.19,17.4,920,504,na,na,10.5,504-4,0
PA,fall,september,9/28/2022,0.51,11,845,101,na,na,6.5,101-1,4
PA,fall,september,9/28/2022,0.51,11,845,101,na,na,6.5,101-2,0
PA,fall,september,9/28/2022,0.51,11,845,101,na,na,10.5,101-3,0
PA,fall,september,9/28/2022,0.51,11,845,101,na,na,10.5,101-4,1
PA,fall,september,9/28/2022,0.51,11,845,102,na,na,6.5,102-1,0
PA,fall,september,9/28/2022,0.51,11,845,102,na,na,6.5,102-2,0
PA,fall,september,9/28/2022,0.51,11,845,102,na,na,10.5,102-3,0
PA,fall,september,9/28/2022,0.51,11,845,102,na,na,10.5,102-4,0
PA,fall,september,9/28/2022,0.51,11,845,103,na,na,6.5,103-1,1
PA,fall,september,9/28/2022,0.51,11,845,103,na,na,6.5,103-2,0
PA,fall,september,9/28/2022,0.51,11,845,103,na,na,10.5,103-3,0
PA,fall,september,9/28/2022,0.51,11,845,103,na,na,10.5,103-4,0
PA,fall,september,9/28/2022,0.51,11,845,104,na,na,6.5,104-1,0
PA,fall,september,9/28/2022,0.51,11,845,104,na,na,6.5,104-2,0
PA,fall,september,9/28/2022,0.51,11,845,104,na,na,10.5,104-3,0
PA,fall,september,9/28/2022,0.51,11,845,104,na,na,10.5,104-4,1
PA,fall,september,9/28/2022,0.51,11,845,201,na,na,6.5,201-1,0
PA,fall,september,9/28/2022,0.51,11,845,201,na,na,6.5,201-2,0
PA,fall,september,9/28/2022,0.51,11,845,201,na,na,10.5,201-3,0
PA,fall,september,9/28/2022,0.51,11,845,201,na,na,10.5,201-4,0
PA,fall,september,9/28/2022,0.51,11,845,202,na,na,6.5,202-1,2
PA,fall,september,9/28/2022,0.51,11,845,202,na,na,6.5,202-2,0
PA,fall,september,9/28/2022,0.51,11,845,202,na,na,10.5,202-3,0
PA,fall,september,9/28/2022,0.51,11,845,202,na,na,10.5,202-4,0
PA,fall,september,9/28/2022,0.51,11,845,203,na,na,6.5,203-1,0
PA,fall,september,9/28/2022,0.51,11,845,203,na,na,6.5,203-2,0
PA,fall,september,9/28/2022,0.51,11,845,203,na,na,10.5,203-3,0
PA,fall,september,9/28/2022,0.51,11,845,203,na,na,10.5,203-4,0
PA,fall,september,9/28/2022,0.51,11,845,204,na,na,6.5,204-1,0
PA,fall,september,9/28/2022,0.51,11,845,204,na,na,6.5,204-2,0
PA,fall,september,9/28/2022,0.51,11,845,204,na,na,10.5,204-3,1
PA,fall,september,9/28/2022,0.51,11,845,204,na,na,10.5,204-4,0
PA,fall,september,9/28/2022,0.51,11,845,301,na,na,6.5,301-1,0
PA,fall,september,9/28/2022,0.51,11,845,301,na,na,6.5,301-2,0
PA,fall,september,9/28/2022,0.51,11,845,301,na,na,10.5,301-3,0
PA,fall,september,9/28/2022,0.51,11,845,301,na,na,10.5,301-4,0
PA,fall,september,9/28/2022,0.51,11,845,302,na,na,6.5,302-1,0
PA,fall,september,9/28/2022,0.51,11,845,302,na,na,6.5,302-2,0
PA,fall,september,9/28/2022,0.51,11,845,302,na,na,10.5,302-3,0
PA,fall,september,9/28/2022,0.51,11,845,302,na,na,10.5,302-4,0
PA,fall,september,9/28/2022,0.51,11,845,303,na,na,6.5,303-1,0
PA,fall,september,9/28/2022,0.51,11,845,303,na,na,6.5,303-2,0
PA,fall,september,9/28/2022,0.51,11,845,303,na,na,10.5,303-3,1
PA,fall,september,9/28/2022,0.51,11,845,303,na,na,10.5,303-4,0
PA,fall,september,9/28/2022,0.51,11,845,304,na,na,6.5,304-1,0
PA,fall,september,9/28/2022,0.51,11,845,304,na,na,6.5,304-2,2
PA,fall,september,9/28/2022,0.51,11,845,304,na,na,10.5,304-3,0
PA,fall,september,9/28/2022,0.51,11,845,304,na,na,10.5,304-4,0
PA,fall,september,9/28/2022,0.51,11,845,401,na,na,6.5,401-1,0
PA,fall,september,9/28/2022,0.51,11,845,401,na,na,6.5,401-2,1
PA,fall,september,9/28/2022,0.51,11,845,401,na,na,10.5,401-3,1
PA,fall,september,9/28/2022,0.51,11,845,401,na,na,10.5,401-4,1
PA,fall,september,9/28/2022,0.51,11,845,402,na,na,6.5,402-1,2
PA,fall,september,9/28/2022,0.51,11,845,402,na,na,6.5,402-2,0
PA,fall,september,9/28/2022,0.51,11,845,402,na,na,10.5,402-3,0
PA,fall,september,9/28/2022,0.51,11,845,402,na,na,10.5,402-4,0
PA,fall,september,9/28/2022,0.51,11,845,403,na,na,6.5,403-1,0
PA,fall,september,9/28/2022,0.51,11,845,403,na,na,6.5,403-2,0
PA,fall,september,9/28/2022,0.51,11,845,403,na,na,10.5,403-3,1
PA,fall,september,9/28/2022,0.51,11,845,403,na,na,10.5,403-4,1
PA,fall,september,9/28/2022,0.51,11,845,404,na,na,6.5,404-1,0
PA,fall,september,9/28/2022,0.51,11,845,404,na,na,6.5,404-2,0
PA,fall,september,9/28/2022,0.51,11,845,404,na,na,10.5,404-3,0
PA,fall,september,9/28/2022,0.51,11,845,404,na,na,10.5,404-4,0
PA,fall,september,9/28/2022,0.51,11,845,501,na,na,6.5,501-1,1
PA,fall,september,9/28/2022,0.51,11,845,501,na,na,6.5,501-2,0
PA,fall,september,9/28/2022,0.51,11,845,501,na,na,10.5,501-3,1
PA,fall,september,9/28/2022,0.51,11,845,501,na,na,10.5,501-4,1
PA,fall,september,9/28/2022,0.51,11,845,502,na,na,6.5,502-1,1
PA,fall,september,9/28/2022,0.51,11,845,502,na,na,6.5,502-2,0
PA,fall,september,9/28/2022,0.51,11,845,502,na,na,10.5,502-3,0
PA,fall,september,9/28/2022,0.51,11,845,502,na,na,10.5,502-4,0
PA,fall,september,9/28/2022,0.51,11,845,503,na,na,6.5,503-1,1
PA,fall,september,9/28/2022,0.51,11,845,503,na,na,6.5,503-2,0
PA,fall,september,9/28/2022,0.51,11,845,503,na,na,10.5,503-3,0
PA,fall,september,9/28/2022,0.51,11,845,503,na,na,10.5,503-4,0
PA,fall,september,9/28/2022,0.51,11,845,504,na,na,6.5,504-1,0
PA,fall,september,9/28/2022,0.51,11,845,504,na,na,6.5,504-2,0
PA,fall,september ,9/28/2022,0.51,11,845,504,na,na,10.5,504-3,0
PA,fall,september ,9/28/2022,0.51,11,845,504,na,na,10.5,504-4,0
PA,fall,october,10/5/2022,0.99,14,845,101,na,na,6.5,101-1,4
PA,fall,october,10/5/2022,0.99,14,845,101,na,na,6.5,101-2,2
PA,fall,october,10/5/2022,0.99,14,845,101,na,na,10.5,101-3,0
PA,fall,october,10/5/2022,0.99,14,845,101,na,na,10.5,101-4,2
PA,fall,october,10/5/2022,0.99,14,845,102,na,na,6.5,102-1,1
PA,fall,october,10/5/2022,0.99,14,845,102,na,na,6.5,102-2,1
PA,fall,october,10/5/2022,0.99,14,845,102,na,na,10.5,102-3,0
PA,fall,october,10/5/2022,0.99,14,845,102,na,na,10.5,102-4,0
PA,fall,october,10/5/2022,0.99,14,845,103,na,na,6.5,103-1,1
PA,fall,october,10/5/2022,0.99,14,845,103,na,na,6.5,103-2,0
PA,fall,october,10/5/2022,0.99,14,845,103,na,na,10.5,103-3,1
PA,fall,october,10/5/2022,0.99,14,845,103,na,na,10.5,103-4,2
PA,fall,october,10/5/2022,0.99,14,845,104,na,na,6.5,104-1,0
PA,fall,october,10/5/2022,0.99,14,845,104,na,na,6.5,104-2,0
PA,fall,october,10/5/2022,0.99,14,845,104,na,na,10.5,104-3,0
PA,fall,october,10/5/2022,0.99,14,845,104,na,na,10.5,104-4,0
PA,fall,october,10/5/2022,0.99,14,845,201,na,na,6.5,201-1,1
PA,fall,october,10/5/2022,0.99,14,845,201,na,na,6.5,201-2,0
PA,fall,october,10/5/2022,0.99,14,845,201,na,na,10.5,201-3,0
PA,fall,october,10/5/2022,0.99,14,845,201,na,na,10.5,201-4,0
PA,fall,october,10/5/2022,0.99,14,845,202,na,na,6.5,202-1,0
PA,fall,october,10/5/2022,0.99,14,845,202,na,na,6.5,202-2,0
PA,fall,october,10/5/2022,0.99,14,845,202,na,na,10.5,202-3,0
PA,fall,october,10/5/2022,0.99,14,845,202,na,na,10.5,202-4,0
PA,fall,october,10/5/2022,0.99,14,845,203,na,na,6.5,203-1,1
PA,fall,october,10/5/2022,0.99,14,845,203,na,na,6.5,203-2,0
PA,fall,october,10/5/2022,0.99,14,845,203,na,na,10.5,203-3,0
PA,fall,october,10/5/2022,0.99,14,845,203,na,na,10.5,203-4,0
PA,fall,october,10/5/2022,0.99,14,845,204,na,na,6.5,204-1,0
PA,fall,october,10/5/2022,0.99,14,845,204,na,na,6.5,204-2,0
PA,fall,october,10/5/2022,0.99,14,845,204,na,na,10.5,204-3,0
PA,fall,october,10/5/2022,0.99,14,845,204,na,na,10.5,204-4,1
PA,fall,october,10/5/2022,0.99,14,845,301,na,na,6.5,301-1,0
PA,fall,october,10/5/2022,0.99,14,845,301,na,na,6.5,301-2,0
PA,fall,october,10/5/2022,0.99,14,845,301,na,na,10.5,301-3,0
PA,fall,october,10/5/2022,0.99,14,845,301,na,na,10.5,301-4,1
PA,fall,october,10/5/2022,0.99,14,845,302,na,na,6.5,302-1,1
PA,fall,october,10/5/2022,0.99,14,845,302,na,na,6.5,302-2,0
PA,fall,october,10/5/2022,0.99,14,845,302,na,na,10.5,302-3,0
PA,fall,october,10/5/2022,0.99,14,845,302,na,na,10.5,302-4,0
PA,fall,october,10/5/2022,0.99,14,845,303,na,na,6.5,303-1,0
PA,fall,october,10/5/2022,0.99,14,845,303,na,na,6.5,303-2,0
PA,fall,october,10/5/2022,0.99,14,845,303,na,na,10.5,303-3,0
PA,fall,october,10/5/2022,0.99,14,845,303,na,na,10.5,303-4,0
PA,fall,october,10/5/2022,0.99,14,845,304,na,na,6.5,304-1,0
PA,fall,october,10/5/2022,0.99,14,845,304,na,na,6.5,304-2,0
PA,fall,october,10/5/2022,0.99,14,845,304,na,na,10.5,304-3,0
PA,fall,october,10/5/2022,0.99,14,845,304,na,na,10.5,304-4,1
PA,fall,october,10/5/2022,0.99,14,845,401,na,na,6.5,401-1,1
PA,fall,october,10/5/2022,0.99,14,845,401,na,na,6.5,401-2,1
PA,fall,october,10/5/2022,0.99,14,845,401,na,na,10.5,401-3,1
PA,fall,october,10/5/2022,0.99,14,845,401,na,na,10.5,401-4,0
PA,fall,october,10/5/2022,0.99,14,845,402,na,na,6.5,402-1,0
PA,fall,october,10/5/2022,0.99,14,845,402,na,na,6.5,402-2,1
PA,fall,october,10/5/2022,0.99,14,845,402,na,na,10.5,402-3,0
PA,fall,october,10/5/2022,0.99,14,845,402,na,na,10.5,402-4,0
PA,fall,october,10/5/2022,0.99,14,845,403,na,na,6.5,403-1,0
PA,fall,october,10/5/2022,0.99,14,845,403,na,na,6.5,403-2,0
PA,fall,october,10/5/2022,0.99,14,845,403,na,na,10.5,403-3,1
PA,fall,october,10/5/2022,0.99,14,845,403,na,na,10.5,403-4,0
PA,fall,october,10/5/2022,0.99,14,845,404,na,na,6.5,404-1,2
PA,fall,october,10/5/2022,0.99,14,845,404,na,na,6.5,404-2,0
PA,fall,october,10/5/2022,0.99,14,845,404,na,na,10.5,404-3,0
PA,fall,october,10/5/2022,0.99,14,845,404,na,na,10.5,404-4,0
PA,fall,october,10/5/2022,0.99,14,845,501,na,na,6.5,501-1,2
PA,fall,october,10/5/2022,0.99,14,845,501,na,na,6.5,501-2,0
PA,fall,october,10/5/2022,0.99,14,845,501,na,na,10.5,501-3,0
PA,fall,october,10/5/2022,0.99,14,845,501,na,na,10.5,501-4,0
PA,fall,october,10/5/2022,0.99,14,845,502,na,na,6.5,502-1,0
PA,fall,october,10/5/2022,0.99,14,845,502,na,na,6.5,502-2,0
PA,fall,october,10/5/2022,0.99,14,845,502,na,na,10.5,502-3,0
PA,fall,october,10/5/2022,0.99,14,845,502,na,na,10.5,502-4,2
PA,fall,october,10/5/2022,0.99,14,845,503,na,na,6.5,503-1,0
PA,fall,october,10/5/2022,0.99,14,845,503,na,na,6.5,503-2,0
PA,fall,october,10/5/2022,0.99,14,845,503,na,na,10.5,503-3,0
PA,fall,october,10/5/2022,0.99,14,845,503,na,na,10.5,503-4,2
PA,fall,october,10/5/2022,0.99,14,845,504,na,na,6.5,504-1,0
PA,fall,october,10/5/2022,0.99,14,845,504,na,na,6.5,504-2,0
PA,fall,october,10/5/2022,0.99,14,845,504,na,na,10.5,504-3,0
PA,fall,october,10/5/2022,0.99,14,845,504,na,na,10.5,504-4,1
PA,fall,october,10/12/2022,0.01,11.4,920,101,na,na,6.5,101-1,3
PA,fall,october,10/12/2022,0.01,11.4,920,101,na,na,6.5,101-2,0
PA,fall,october,10/12/2022,0.01,11.4,920,101,na,na,10.5,101-3,2
PA,fall,october,10/12/2022,0.01,11.4,920,101,na,na,10.5,101-4,0
PA,fall,october,10/12/2022,0.01,11.4,920,102,na,na,6.5,102-1,2
PA,fall,october,10/12/2022,0.01,11.4,920,102,na,na,6.5,102-2,1
PA,fall,october,10/12/2022,0.01,11.4,920,102,na,na,10.5,102-3,1
PA,fall,october,10/12/2022,0.01,11.4,920,102,na,na,10.5,102-4,1
PA,fall,october,10/12/2022,0.01,11.4,920,103,na,na,6.5,103-1,1
PA,fall,october,10/12/2022,0.01,11.4,920,103,na,na,6.5,103-2,0
PA,fall,october,10/12/2022,0.01,11.4,920,103,na,na,10.5,103-3,1
PA,fall,october,10/12/2022,0.01,11.4,920,103,na,na,10.5,103-4,1
PA,fall,october,10/12/2022,0.01,11.4,920,104,na,na,6.5,104-1,0
PA,fall,october,10/12/2022,0.01,11.4,920,104,na,na,6.5,104-2,0
PA,fall,october,10/12/2022,0.01,11.4,920,104,na,na,10.5,104-3,0
PA,fall,october,10/12/2022,0.01,11.4,920,104,na,na,10.5,104-4,0
PA,fall,october,10/12/2022,0.01,11.4,920,201,na,na,6.5,201-1,1
PA,fall,october,10/12/2022,0.01,11.4,920,201,na,na,6.5,201-2,0
PA,fall,october,10/12/2022,0.01,11.4,920,201,na,na,10.5,201-3,1
PA,fall,october,10/12/2022,0.01,11.4,920,201,na,na,10.5,201-4,0
PA,fall,october,10/12/2022,0.01,11.4,920,202,na,na,6.5,202-1,0
PA,fall,october,10/12/2022,0.01,11.4,920,202,na,na,6.5,202-2,0
PA,fall,october,10/12/2022,0.01,11.4,920,202,na,na,10.5,202-3,0
PA,fall,october,10/12/2022,0.01,11.4,920,202,na,na,10.5,202-4,0
PA,fall,october,10/12/2022,0.01,11.4,920,203,na,na,6.5,203-1,1
PA,fall,october,10/12/2022,0.01,11.4,920,203,na,na,6.5,203-2,0
PA,fall,october,10/12/2022,0.01,11.4,920,203,na,na,10.5,203-3,0
PA,fall,october,10/12/2022,0.01,11.4,920,203,na,na,10.5,203-4,1
PA,fall,october,10/12/2022,0.01,11.4,920,204,na,na,6.5,204-1,1
PA,fall,october,10/12/2022,0.01,11.4,920,204,na,na,6.5,204-2,1
PA,fall,october,10/12/2022,0.01,11.4,920,204,na,na,10.5,204-3,0
PA,fall,october,10/12/2022,0.01,11.4,920,204,na,na,10.5,204-4,0
PA,fall,october,10/12/2022,0.01,11.4,920,301,na,na,6.5,301-1,2
PA,fall,october,10/12/2022,0.01,11.4,920,301,na,na,6.5,301-2,1
PA,fall,october,10/12/2022,0.01,11.4,920,301,na,na,10.5,301-3,0
PA,fall,october,10/12/2022,0.01,11.4,920,301,na,na,10.5,301-4,0
PA,fall,october,10/12/2022,0.01,11.4,920,302,na,na,6.5,302-1,1
PA,fall,october,10/12/2022,0.01,11.4,920,302,na,na,6.5,302-2,0
PA,fall,october,10/12/2022,0.01,11.4,920,302,na,na,10.5,302-3,0
PA,fall,october,10/12/2022,0.01,11.4,920,302,na,na,10.5,302-4,0
PA,fall,october,10/12/2022,0.01,11.4,920,303,na,na,6.5,303-1,1
PA,fall,october,10/12/2022,0.01,11.4,920,303,na,na,6.5,303-2,1
PA,fall,october,10/12/2022,0.01,11.4,920,303,na,na,10.5,303-3,1
PA,fall,october,10/12/2022,0.01,11.4,920,303,na,na,10.5,303-4,4
PA,fall,october,10/12/2022,0.01,11.4,920,304,na,na,6.5,304-1,0
PA,fall,october,10/12/2022,0.01,11.4,920,304,na,na,6.5,304-2,1
PA,fall,october,10/12/2022,0.01,11.4,920,304,na,na,10.5,304-3,1
PA,fall,october,10/12/2022,0.01,11.4,920,304,na,na,10.5,304-4,1
PA,fall,october,10/12/2022,0.01,11.4,920,401,na,na,6.5,401-1,1
PA,fall,october,10/12/2022,0.01,11.4,920,401,na,na,6.5,401-2,1
PA,fall,october,10/12/2022,0.01,11.4,920,401,na,na,10.5,401-3,2
PA,fall,october,10/12/2022,0.01,11.4,920,401,na,na,10.5,401-4,1
PA,fall,october,10/12/2022,0.01,11.4,920,402,na,na,6.5,402-1,0
PA,fall,october,10/12/2022,0.01,11.4,920,402,na,na,6.5,402-2,0
PA,fall,october,10/12/2022,0.01,11.4,920,402,na,na,10.5,402-3,1
PA,fall,october,10/12/2022,0.01,11.4,920,402,na,na,10.5,402-4,2
PA,fall,october,10/12/2022,0.01,11.4,920,403,na,na,6.5,403-1,0
PA,fall,october,10/12/2022,0.01,11.4,920,403,na,na,6.5,403-2,0
PA,fall,october,10/12/2022,0.01,11.4,920,403,na,na,10.5,403-3,1
PA,fall,october,10/12/2022,0.01,11.4,920,403,na,na,10.5,403-4,1
PA,fall,october,10/12/2022,0.01,11.4,920,404,na,na,6.5,404-1,0
PA,fall,october,10/12/2022,0.01,11.4,920,404,na,na,6.5,404-2,0
PA,fall,october,10/12/2022,0.01,11.4,920,404,na,na,10.5,404-3,0
PA,fall,october,10/12/2022,0.01,11.4,920,404,na,na,10.5,404-4,0
PA,fall,october,10/12/2022,0.01,11.4,920,501,na,na,6.5,501-1,0
PA,fall,october,10/12/2022,0.01,11.4,920,501,na,na,6.5,501-2,1
PA,fall,october,10/12/2022,0.01,11.4,920,501,na,na,10.5,501-3,1
PA,fall,october,10/12/2022,0.01,11.4,920,501,na,na,10.5,501-4,0
PA,fall,october,10/12/2022,0.01,11.4,920,502,na,na,6.5,502-1,0
PA,fall,october,10/12/2022,0.01,11.4,920,502,na,na,6.5,502-2,0
PA,fall,october,10/12/2022,0.01,11.4,920,502,na,na,10.5,502-3,0
PA,fall,october,10/12/2022,0.01,11.4,920,502,na,na,10.5,502-4,0
PA,fall,october,10/12/2022,0.01,11.4,920,503,na,na,6.5,503-1,0
PA,fall,october,10/12/2022,0.01,11.4,920,503,na,na,6.5,503-2,0
PA,fall,october,10/12/2022,0.01,11.4,920,503,na,na,10.5,503-3,0
PA,fall,october,10/12/2022,0.01,11.4,920,503,na,na,10.5,503-4,0
PA,fall,october,10/12/2022,0.01,11.4,920,504,na,na,6.5,504-1,1
PA,fall,october,10/12/2022,0.01,11.4,920,504,na,na,6.5,504-2,0
PA,fall,october,10/12/2022,0.01,11.4,920,504,na,na,10.5,504-3,0
PA,fall,october,10/12/2022,0.01,11.4,920,504,na,na,10.5,504-4,0
PA,fall,october,10/21/2022,0.54,6.3,900,101,na,na,6.5,101-1,0
PA,fall,october,10/21/2022,0.54,6.3,900,101,na,na,6.5,101-2,0
PA,fall,october,10/21/2022,0.54,6.3,900,101,na,na,10.5,101-3,1
PA,fall,october,10/21/2022,0.54,6.3,900,101,na,na,10.5,101-4,0
PA,fall,october,10/21/2022,0.54,6.3,900,102,na,na,6.5,102-1,1
PA,fall,october,10/21/2022,0.54,6.3,900,102,na,na,6.5,102-2,0
PA,fall,october,10/21/2022,0.54,6.3,900,102,na,na,10.5,102-3,1
PA,fall,october,10/21/2022,0.54,6.3,900,102,na,na,10.5,102-4,0
PA,fall,october,10/21/2022,0.54,6.3,900,103,na,na,6.5,103-1,0
PA,fall,october,10/21/2022,0.54,6.3,900,103,na,na,6.5,103-2,2
PA,fall,october,10/21/2022,0.54,6.3,900,103,na,na,10.5,103-3,2
PA,fall,october,10/21/2022,0.54,6.3,900,103,na,na,10.5,103-4,0
PA,fall,october,10/21/2022,0.54,6.3,900,104,na,na,6.5,104-1,0
PA,fall,october,10/21/2022,0.54,6.3,900,104,na,na,6.5,104-2,0
PA,fall,october,10/21/2022,0.54,6.3,900,104,na,na,10.5,104-3,0
PA,fall,october,10/21/2022,0.54,6.3,900,104,na,na,10.5,104-4,0
PA,fall,october,10/21/2022,0.54,6.3,900,201,na,na,6.5,201-1,0
PA,fall,october,10/21/2022,0.54,6.3,900,201,na,na,6.5,201-2,0
PA,fall,october,10/21/2022,0.54,6.3,900,201,na,na,10.5,201-3,0
PA,fall,october,10/21/2022,0.54,6.3,900,201,na,na,10.5,201-4,0
PA,fall,october,10/21/2022,0.54,6.3,900,202,na,na,6.5,202-1,0
PA,fall,october,10/21/2022,0.54,6.3,900,202,na,na,6.5,202-2,0
PA,fall,october,10/21/2022,0.54,6.3,900,202,na,na,10.5,202-3,0
PA,fall,october,10/21/2022,0.54,6.3,900,202,na,na,10.5,202-4,0
PA,fall,october,10/21/2022,0.54,6.3,900,203,na,na,6.5,203-1,0
PA,fall,october,10/21/2022,0.54,6.3,900,203,na,na,6.5,203-2,0
PA,fall,october,10/21/2022,0.54,6.3,900,203,na,na,10.5,203-3,0
PA,fall,october,10/21/2022,0.54,6.3,900,203,na,na,10.5,203-4,0
PA,fall,october,10/21/2022,0.54,6.3,900,204,na,na,6.5,204-1,0
PA,fall,october,10/21/2022,0.54,6.3,900,204,na,na,6.5,204-2,0
PA,fall,october,10/21/2022,0.54,6.3,900,204,na,na,10.5,204-3,0
PA,fall,october,10/21/2022,0.54,6.3,900,204,na,na,10.5,204-4,1
PA,fall,october,10/21/2022,0.54,6.3,900,301,na,na,6.5,301-1,0
PA,fall,october,10/21/2022,0.54,6.3,900,301,na,na,6.5,301-2,0
PA,fall,october,10/21/2022,0.54,6.3,900,301,na,na,10.5,301-3,1
PA,fall,october,10/21/2022,0.54,6.3,900,301,na,na,10.5,301-4,0
PA,fall,october,10/21/2022,0.54,6.3,900,302,na,na,6.5,302-1,0
PA,fall,october,10/21/2022,0.54,6.3,900,302,na,na,6.5,302-2,0
PA,fall,october,10/21/2022,0.54,6.3,900,302,na,na,10.5,302-3,0
PA,fall,october,10/21/2022,0.54,6.3,900,302,na,na,10.5,302-4,0
PA,fall,october,10/21/2022,0.54,6.3,900,303,na,na,6.5,303-1,0
PA,fall,october,10/21/2022,0.54,6.3,900,303,na,na,6.5,303-2,0
PA,fall,october,10/21/2022,0.54,6.3,900,303,na,na,10.5,303-3,0
PA,fall,october,10/21/2022,0.54,6.3,900,303,na,na,10.5,303-4,0
PA,fall,october,10/21/2022,0.54,6.3,900,304,na,na,6.5,304-1,0
PA,fall,october,10/21/2022,0.54,6.3,900,304,na,na,6.5,304-2,0
PA,fall,october,10/21/2022,0.54,6.3,900,304,na,na,10.5,304-3,0
PA,fall,october,10/21/2022,0.54,6.3,900,304,na,na,10.5,304-4,1
PA,fall,october,10/21/2022,0.54,6.3,900,401,na,na,6.5,401-1,0
PA,fall,october,10/21/2022,0.54,6.3,900,401,na,na,6.5,401-2,0
PA,fall,october,10/21/2022,0.54,6.3,900,401,na,na,10.5,401-3,2
PA,fall,october,10/21/2022,0.54,6.3,900,401,na,na,10.5,401-4,1
PA,fall,october,10/21/2022,0.54,6.3,900,402,na,na,6.5,402-1,0
PA,fall,october,10/21/2022,0.54,6.3,900,402,na,na,6.5,402-2,0
PA,fall,october,10/21/2022,0.54,6.3,900,402,na,na,10.5,402-3,0
PA,fall,october,10/21/2022,0.54,6.3,900,402,na,na,10.5,402-4,0
PA,fall,october,10/21/2022,0.54,6.3,900,403,na,na,6.5,403-1,0
PA,fall,october,10/21/2022,0.54,6.3,900,403,na,na,6.5,403-2,0
PA,fall,october,10/21/2022,0.54,6.3,900,403,na,na,10.5,403-3,0
PA,fall,october,10/21/2022,0.54,6.3,900,403,na,na,10.5,403-4,1
PA,fall,october,10/21/2022,0.54,6.3,900,404,na,na,6.5,404-1,2
PA,fall,october,10/21/2022,0.54,6.3,900,404,na,na,6.5,404-2,0
PA,fall,october,10/21/2022,0.54,6.3,900,404,na,na,10.5,404-3,0
PA,fall,october,10/21/2022,0.54,6.3,900,404,na,na,10.5,404-4,0
PA,fall,october,10/21/2022,0.54,6.3,900,501,na,na,6.5,501-1,0
PA,fall,october,10/21/2022,0.54,6.3,900,501,na,na,6.5,501-2,0
PA,fall,october,10/21/2022,0.54,6.3,900,501,na,na,10.5,501-3,0
PA,fall,october,10/21/2022,0.54,6.3,900,501,na,na,10.5,501-4,0
PA,fall,october,10/21/2022,0.54,6.3,900,502,na,na,6.5,502-1,0
PA,fall,october,10/21/2022,0.54,6.3,900,502,na,na,6.5,502-2,0
PA,fall,october,10/21/2022,0.54,6.3,900,502,na,na,10.5,502-3,0
PA,fall,october,10/21/2022,0.54,6.3,900,502,na,na,10.5,502-4,0
PA,fall,october,10/21/2022,0.54,6.3,900,503,na,na,6.5,503-1,1
PA,fall,october,10/21/2022,0.54,6.3,900,503,na,na,6.5,503-2,0
PA,fall,october,10/21/2022,0.54,6.3,900,503,na,na,10.5,503-3,0
PA,fall,october,10/21/2022,0.54,6.3,900,503,na,na,10.5,503-4,0
PA,fall,october,10/21/2022,0.54,6.3,900,504,na,na,6.5,504-1,0
PA,fall,october,10/21/2022,0.54,6.3,900,504,na,na,6.5,504-2,0
PA,fall,october,10/21/2022,0.54,6.3,900,504,na,na,10.5,504-3,0
PA,fall,october,10/21/2022,0.54,6.3,900,504,na,na,10.5,504-4,0
PA,fall,october,10/26/2022,0.02,13,900,101,na,na,6.5,101-1,8
PA,fall,october,10/26/2022,0.02,13,900,101,na,na,6.5,101-2,0
PA,fall,october,10/26/2022,0.02,13,900,101,na,na,10.5,101-3,3
PA,fall,october,10/26/2022,0.02,13,900,101,na,na,10.5,101-4,2
PA,fall,october,10/26/2022,0.02,13,900,102,na,na,6.5,102-1,0
PA,fall,october,10/26/2022,0.02,13,900,102,na,na,6.5,102-2,0
PA,fall,october,10/26/2022,0.02,13,900,102,na,na,10.5,102-3,0
PA,fall,october,10/26/2022,0.02,13,900,102,na,na,10.5,102-4,1
PA,fall,october,10/26/2022,0.02,13,900,103,na,na,6.5,103-1,0
PA,fall,october,10/26/2022,0.02,13,900,103,na,na,6.5,103-2,1
PA,fall,october,10/26/2022,0.02,13,900,103,na,na,10.5,103-3,3
PA,fall,october,10/26/2022,0.02,13,900,103,na,na,10.5,103-4,3
PA,fall,october,10/26/2022,0.02,13,900,104,na,na,6.5,104-1,1
PA,fall,october,10/26/2022,0.02,13,900,104,na,na,6.5,104-2,0
PA,fall,october,10/26/2022,0.02,13,900,104,na,na,10.5,104-3,1
PA,fall,october,10/26/2022,0.02,13,900,104,na,na,10.5,104-4,2
PA,fall,october,10/26/2022,0.02,13,900,201,na,na,6.5,201-1,1
PA,fall,october,10/26/2022,0.02,13,900,201,na,na,6.5,201-2,1
PA,fall,october,10/26/2022,0.02,13,900,201,na,na,10.5,201-3,1
PA,fall,october,10/26/2022,0.02,13,900,201,na,na,10.5,201-4,1
PA,fall,october,10/26/2022,0.02,13,900,202,na,na,6.5,202-1,2
PA,fall,october,10/26/2022,0.02,13,900,202,na,na,6.5,202-2,0
PA,fall,october,10/26/2022,0.02,13,900,202,na,na,10.5,202-3,2
PA,fall,october,10/26/2022,0.02,13,900,202,na,na,10.5,202-4,1
PA,fall,october,10/26/2022,0.02,13,900,203,na,na,6.5,203-1,3
PA,fall,october,10/26/2022,0.02,13,900,203,na,na,6.5,203-2,2
PA,fall,october,10/26/2022,0.02,13,900,203,na,na,10.5,203-3,2
PA,fall,october,10/26/2022,0.02,13,900,203,na,na,10.5,203-4,1
PA,fall,october,10/26/2022,0.02,13,900,204,na,na,6.5,204-1,2
PA,fall,october,10/26/2022,0.02,13,900,204,na,na,6.5,204-2,3
PA,fall,october,10/26/2022,0.02,13,900,204,na,na,10.5,204-3,2
PA,fall,october,10/26/2022,0.02,13,900,204,na,na,10.5,204-4,1
PA,fall,october,10/26/2022,0.02,13,900,301,na,na,6.5,301-1,3
PA,fall,october,10/26/2022,0.02,13,900,301,na,na,6.5,301-2,3
PA,fall,october,10/26/2022,0.02,13,900,301,na,na,10.5,301-3,2
PA,fall,october,10/26/2022,0.02,13,900,301,na,na,10.5,301-4,0
PA,fall,october,10/26/2022,0.02,13,900,302,na,na,6.5,302-1,1
PA,fall,october,10/26/2022,0.02,13,900,302,na,na,6.5,302-2,1
PA,fall,october,10/26/2022,0.02,13,900,302,na,na,10.5,302-3,1
PA,fall,october,10/26/2022,0.02,13,900,302,na,na,10.5,302-4,0
PA,fall,october,10/26/2022,0.02,13,900,303,na,na,6.5,303-1,2
PA,fall,october,10/26/2022,0.02,13,900,303,na,na,6.5,303-2,1
PA,fall,october,10/26/2022,0.02,13,900,303,na,na,10.5,303-3,0
PA,fall,october,10/26/2022,0.02,13,900,303,na,na,10.5,303-4,0
PA,fall,october,10/26/2022,0.02,13,900,304,na,na,6.5,304-1,5
PA,fall,october,10/26/2022,0.02,13,900,304,na,na,6.5,304-2,3
PA,fall,october,10/26/2022,0.02,13,900,304,na,na,10.5,304-3,3
PA,fall,october,10/26/2022,0.02,13,900,304,na,na,10.5,304-4,2
PA,fall,october,10/26/2022,0.02,13,900,401,na,na,6.5,401-1,3
PA,fall,october,10/26/2022,0.02,13,900,401,na,na,6.5,401-2,2
PA,fall,october,10/26/2022,0.02,13,900,401,na,na,10.5,401-3,2
PA,fall,october,10/26/2022,0.02,13,900,401,na,na,10.5,401-4,2
PA,fall,october,10/26/2022,0.02,13,900,402,na,na,6.5,402-1,2
PA,fall,october,10/26/2022,0.02,13,900,402,na,na,6.5,402-2,0
PA,fall,october,10/26/2022,0.02,13,900,402,na,na,10.5,402-3,3
PA,fall,october,10/26/2022,0.02,13,900,402,na,na,10.5,402-4,1
PA,fall,october,10/26/2022,0.02,13,900,403,na,na,6.5,403-1,0
PA,fall,october,10/26/2022,0.02,13,900,403,na,na,6.5,403-2,2
PA,fall,october,10/26/2022,0.02,13,900,403,na,na,10.5,403-3,1
PA,fall,october,10/26/2022,0.02,13,900,403,na,na,10.5,403-4,1
PA,fall,october,10/26/2022,0.02,13,900,404,na,na,6.5,404-1,0
PA,fall,october,10/26/2022,0.02,13,900,404,na,na,6.5,404-2,1
PA,fall,october,10/26/2022,0.02,13,900,404,na,na,10.5,404-3,0
PA,fall,october,10/26/2022,0.02,13,900,404,na,na,10.5,404-4,0
PA,fall,october,10/26/2022,0.02,13,900,501,na,na,6.5,501-1,2
PA,fall,october,10/26/2022,0.02,13,900,501,na,na,6.5,501-2,1
PA,fall,october,10/26/2022,0.02,13,900,501,na,na,10.5,501-3,2
PA,fall,october,10/26/2022,0.02,13,900,501,na,na,10.5,501-4,0
PA,fall,october,10/26/2022,0.02,13,900,502,na,na,6.5,502-1,0
PA,fall,october,10/26/2022,0.02,13,900,502,na,na,6.5,502-2,0
PA,fall,october,10/26/2022,0.02,13,900,502,na,na,10.5,502-3,1
PA,fall,october,10/26/2022,0.02,13,900,502,na,na,10.5,502-4,0
PA,fall,october,10/26/2022,0.02,13,900,503,na,na,6.5,503-1,2
PA,fall,october,10/26/2022,0.02,13,900,503,na,na,6.5,503-2,3
PA,fall,october,10/26/2022,0.02,13,900,503,na,na,10.5,503-3,0
PA,fall,october,10/26/2022,0.02,13,900,503,na,na,10.5,503-4,1
PA,fall,october,10/26/2022,0.02,13,900,504,na,na,6.5,504-1,0
PA,fall,october,10/26/2022,0.02,13,900,504,na,na,6.5,504-2,1
PA,fall,october,10/26/2022,0.02,13,900,504,na,na,10.5,504-3,2
PA,fall,october,10/26/2022,0.02,13,900,504,na,na,10.5,504-4,0
,,,,,na,,,,,,,
