date,crop,trt,plot,split,family,genus,sp,life_stage
6/26/2023,corn,na,404,na,Formicidae,na,na,adult
6/26/2023,corn,na,404,na,Formicidae,na,na,adult
6/26/2023,corn,na,404,na,Formicidae,na,na,adult
6/26/2023,corn,na,404,na,Formicidae,na,na,adult
6/26/2023,corn,na,404,na,Opiliones,na,na,adult
6/26/2023,corn,na,404,na,Opiliones,na,na,adult
6/26/2023,corn,na,401,na,Formicidae,na,na,adult
6/26/2023,corn,na,401,na,Formicidae,na,na,adult
6/26/2023,corn,na,401,na,Formicidae,na,na,adult
6/26/2023,corn,na,401,na,Formicidae,na,na,adult
6/26/2023,corn,na,401,na,Formicidae,na,na,adult
6/26/2023,corn,na,401,na,Opiliones,na,na,adult
6/26/2023,corn,na,401,na,Opiliones,na,na,adult
6/26/2023,corn,na,401,na,Elateridae,na,na,adult
6/26/2023,corn,na,401,na,Elateridae,na,na,adult
6/26/2023,corn,na,401,na,Carabidae,Pterostichus,na,adult
6/26/2023,corn,na,401,na,Opiliones,na,na,adult
6/26/2023,corn,na,401,na,Tetrgnathidae,na,na,juvenile
6/26/2023,corn,na,401,na,Chilopoda,na,na,juvenile
6/26/2023,corn,na,402,na,Formicidae,na,na,adult
6/26/2023,corn,na,402,na,Formicidae,na,na,adult
6/26/2023,corn,na,402,na,Formicidae,na,na,adult
6/26/2023,corn,na,402,na,Formicidae,na,na,adult
6/26/2023,corn,na,402,na,Formicidae,na,na,adult
6/26/2023,corn,na,402,na,Formicidae,na,na,adult
6/26/2023,corn,na,402,na,Formicidae,na,na,adult
6/26/2023,corn,na,402,na,Opiliones,na,na,adult
6/26/2023,corn,na,402,na,Opiliones,na,na,adult
6/26/2023,corn,na,402,na,Diplopoda,na,na,adult
6/26/2023,corn,na,403,na,Formicidae,na,na,adult
6/26/2023,corn,na,403,na,Formicidae,na,na,adult
6/26/2023,corn,na,403,na,Formicidae,na,na,adult
6/26/2023,corn,na,403,na,Formicidae,na,na,adult
6/26/2023,corn,na,403,na,Formicidae,na,na,adult
6/26/2023,corn,na,403,na,Formicidae,na,na,adult
6/26/2023,corn,na,403,na,Formicidae,na,na,adult
6/26/2023,corn,na,403,na,Formicidae,na,na,adult
6/26/2023,corn,na,403,na,Formicidae,na,na,adult
6/26/2023,corn,na,403,na,Formicidae,na,na,adult
6/26/2023,corn,na,403,na,Formicidae,na,na,adult
6/26/2023,corn,na,403,na,Formicidae,na,na,adult
6/26/2023,corn,na,403,na,Formicidae,na,na,adult
6/26/2023,corn,na,403,na,Formicidae,na,na,adult
6/26/2023,corn,na,403,na,Formicidae,na,na,adult
6/26/2023,corn,na,403,na,Formicidae,na,na,adult
6/26/2023,corn,na,403,na,Formicidae,na,na,adult
6/26/2023,corn,na,403,na,Formicidae,na,na,adult
6/26/2023,corn,na,403,na,Formicidae,na,na,adult
6/26/2023,corn,na,403,na,Formicidae,na,na,adult
6/26/2023,corn,na,403,na,Carabidae,Pterostichus,na,adult
6/26/2023,corn,na,403,na,Carabidae,Pterostichus,na,adult
6/26/2023,corn,na,403,na,Carabidae,Pterostichus,na,adult
6/26/2023,corn,na,403,na,Carabidae,Harpalus,na,adult
6/26/2023,corn,na,202,na,Opiliones,na,na,adult
6/26/2023,corn,na,202,na,Opiliones,na,na,adult
6/26/2023,corn,na,202,na,Opiliones,na,na,adult
6/26/2023,corn,na,202,na,Opiliones,na,na,adult
6/26/2023,corn,na,202,na,Opiliones,na,na,adult
6/26/2023,corn,na,202,na,Opiliones,na,na,adult
6/26/2023,corn,na,202,na,Opiliones,na,na,adult
6/26/2023,corn,na,202,na,Opiliones,na,na,adult
6/26/2023,corn,na,202,na,Elateridae,na,na,adult
6/26/2023,corn,na,202,na,Diplopoda,na,na,adult
6/26/2023,corn,na,202,na,Formicidae,na,na,adult
6/26/2023,corn,na,202,na,Formicidae,na,na,adult
6/26/2023,corn,na,202,na,Formicidae,na,na,adult
6/26/2023,corn,na,202,na,Formicidae,na,na,adult
6/26/2023,corn,na,202,na,Formicidae,na,na,adult
6/26/2023,corn,na,202,na,Formicidae,na,na,adult
6/26/2023,corn,na,202,na,Formicidae,na,na,adult
6/26/2023,corn,na,202,na,Formicidae,na,na,adult
6/26/2023,corn,na,202,na,Formicidae,na,na,adult
6/26/2023,corn,na,202,na,Formicidae,na,na,adult
6/26/2023,corn,na,203,na,Formicidae,na,na,adult
6/26/2023,corn,na,203,na,Formicidae,na,na,adult
6/26/2023,corn,na,203,na,Formicidae,na,na,adult
6/26/2023,corn,na,203,na,Opiliones,na,na,adult
6/26/2023,corn,na,203,na,Opiliones,na,na,adult
6/26/2023,corn,na,203,na,Opiliones,na,na,adult
6/26/2023,corn,na,204,na,Formicidae,na,na,adult
6/26/2023,corn,na,204,na,Formicidae,na,na,adult
6/26/2023,corn,na,204,na,Formicidae,na,na,adult
6/26/2023,corn,na,204,na,Formicidae,na,na,adult
6/26/2023,corn,na,204,na,Formicidae,na,na,adult
6/26/2023,corn,na,204,na,Formicidae,na,na,adult
6/26/2023,corn,na,204,na,Formicidae,na,na,adult
6/26/2023,corn,na,204,na,Formicidae,na,na,adult
6/26/2023,corn,na,204,na,Formicidae,na,na,adult
6/26/2023,corn,na,204,na,Formicidae,na,na,adult
6/26/2023,corn,na,204,na,Formicidae,na,na,adult
6/26/2023,corn,na,204,na,Formicidae,na,na,adult
6/26/2023,corn,na,204,na,Formicidae,na,na,adult
6/26/2023,corn,na,204,na,Thomisidae,Misumenoides,na,adult
6/26/2023,corn,na,204,na,Opiliones,na,na,adult
6/26/2023,corn,na,204,na,Opiliones,na,na,adult
6/26/2023,corn,na,201,na,Carabidae,Pterostichus,na,adult
6/26/2023,corn,na,201,na,Carabidae,Pterostichus,na,adult
6/26/2023,corn,na,201,na,Carabidae,Pterostichus,na,adult
6/26/2023,corn,na,201,na,Thomisidae,Misumenoides,na,adult
6/26/2023,corn,na,201,na,Opiliones,na,na,adult
6/26/2023,corn,na,301,na,Formicidae,na,na,adult
6/26/2023,corn,na,301,na,Formicidae,na,na,adult
6/26/2023,corn,na,301,na,Formicidae,na,na,adult
6/26/2023,corn,na,301,na,Formicidae,na,na,adult
6/26/2023,corn,na,301,na,Formicidae,na,na,adult
6/26/2023,corn,na,301,na,Formicidae,na,na,adult
6/26/2023,corn,na,301,na,Formicidae,na,na,adult
6/26/2023,corn,na,301,na,Formicidae,na,na,adult
6/26/2023,corn,na,301,na,Formicidae,na,na,adult
6/26/2023,corn,na,301,na,Formicidae,na,na,adult
6/26/2023,corn,na,301,na,Formicidae,na,na,adult
6/26/2023,corn,na,301,na,Formicidae,na,na,adult
6/26/2023,corn,na,301,na,Opiliones,na,na,adult
6/26/2023,corn,na,301,na,Opiliones,na,na,adult
6/26/2023,corn,na,301,na,Linyphiidae,na,na,adult
6/26/2023,corn,na,301,na,Linyphiidae,na,na,adult
6/26/2023,corn,na,301,na,Elateridae,na,na,adult
6/26/2023,corn,na,301,na,Carabidae,Pterostichus,na,adult
6/26/2023,corn,na,301,na,Diplopoda,na,na,adult
6/26/2023,corn,na,301,na,Chilopoda,na,na,juvenile
6/26/2023,corn,na,304,na,Carabidae,Pterostichus,na,adult
6/26/2023,corn,na,304,na,Carabidae,Pterostichus,na,adult
6/26/2023,corn,na,304,na,Opiliones,na,na,adult
6/26/2023,corn,na,304,na,Opiliones,na,na,adult
6/26/2023,corn,na,304,na,Opiliones,na,na,adult
6/26/2023,corn,na,304,na,Opiliones,na,na,juvenile
6/26/2023,corn,na,304,na,Opiliones,na,na,juvenile
6/26/2023,corn,na,304,na,Opiliones,na,na,juvenile
6/26/2023,corn,na,304,na,Opiliones,na,na,juvenile
6/26/2023,corn,na,304,na,Opiliones,na,na,juvenile
6/26/2023,corn,na,304,na,Opiliones,na,na,juvenile
6/26/2023,corn,na,303,na,Carabidae,Pterostichus,na,adult
6/26/2023,corn,na,303,na,Carabidae,Pterostichus,na,adult
6/26/2023,corn,na,303,na,Carabidae,Pterostichus,na,adult
6/26/2023,corn,na,303,na,Carabidae,Pterostichus,na,adult
6/26/2023,corn,na,303,na,Formicidae,na,na,adult
6/26/2023,corn,na,303,na,Formicidae,na,na,adult
6/26/2023,corn,na,303,na,Formicidae,na,na,adult
6/26/2023,corn,na,303,na,Formicidae,na,na,adult
6/26/2023,corn,na,303,na,Opiliones,na,na,adult
6/26/2023,corn,na,303,na,Opiliones,na,na,juvenile
6/26/2023,corn,na,302,na,Diplopoda,na,na,adult
6/26/2023,corn,na,302,na,Diplopoda,na,na,adult
6/26/2023,corn,na,302,na,Diplopoda,na,na,adult
6/26/2023,corn,na,302,na,Formicidae,na,na,adult
6/26/2023,corn,na,302,na,Formicidae,na,na,adult
6/26/2023,corn,na,302,na,Formicidae,na,na,adult
6/26/2023,corn,na,302,na,Formicidae,na,na,adult
6/26/2023,corn,na,302,na,Opiliones,na,na,adult
6/26/2023,corn,na,302,na,Opiliones,na,na,adult
6/26/2023,corn,na,302,na,Opiliones,na,na,adult
6/26/2023,corn,na,302,na,Opiliones,na,na,adult
6/26/2023,corn,na,302,na,Opiliones,na,na,juvenile
6/26/2023,corn,na,302,na,Opiliones,na,na,juvenile
6/26/2023,corn,na,302,na,Carabidae,Acupalpus,pauperculus,adult
6/26/2023,corn,na,103,na,Formicidae,na,na,adult
6/26/2023,corn,na,103,na,Formicidae,na,na,adult
6/26/2023,corn,na,103,na,Formicidae,na,na,adult
6/26/2023,corn,na,103,na,Formicidae,na,na,adult
6/26/2023,corn,na,103,na,Formicidae,na,na,adult
6/26/2023,corn,na,103,na,Formicidae,na,na,adult
6/26/2023,corn,na,103,na,Formicidae,na,na,adult
6/26/2023,corn,na,103,na,Formicidae,na,na,adult
6/26/2023,corn,na,103,na,Formicidae,na,na,adult
6/26/2023,corn,na,103,na,Formicidae,na,na,adult
6/26/2023,corn,na,103,na,Formicidae,na,na,adult
6/26/2023,corn,na,103,na,Formicidae,na,na,adult
6/26/2023,corn,na,103,na,Formicidae,na,na,adult
6/26/2023,corn,na,103,na,Formicidae,na,na,adult
6/26/2023,corn,na,103,na,Formicidae,na,na,adult
6/26/2023,corn,na,103,na,Staphylinidae,na,na,adult
6/26/2023,corn,na,103,na,Elateridae,na,na,adult
6/26/2023,corn,na,103,na,Opiliones,na,na,adult
6/26/2023,corn,na,103,na,Opiliones,na,na,adult
6/26/2023,corn,na,103,na,Opiliones,na,na,adult
6/26/2023,corn,na,103,na,Chilopoda,na,na,juvenile
6/26/2023,corn,na,103,na,Chilopoda,na,na,juvenile
6/26/2023,corn,na,103,na,Thomisidae,Misumenoides,na,adult
6/26/2023,corn,na,103,na,Linyphiidae,na,na,adult
6/26/2023,corn,na,103,na,Linyphiidae,na,na,adult
6/26/2023,corn,na,103,na,Carabidae,Harpalus,na,adult
6/26/2023,corn,na,101,na,Opiliones,na,na,adult
6/26/2023,corn,na,101,na,Opiliones,na,na,adult
6/26/2023,corn,na,101,na,Formicidae,na,na,adult
6/26/2023,corn,na,101,na,Formicidae,na,na,adult
6/26/2023,corn,na,101,na,Elateridae,na,na,adult
6/26/2023,corn,na,101,na,Araneae ,na,na,juvenile
6/26/2023,corn,na,104,na,Formicidae,na,na,adult
6/26/2023,corn,na,104,na,Formicidae,na,na,adult
6/26/2023,corn,na,104,na,Formicidae,na,na,adult
6/26/2023,corn,na,104,na,Formicidae,na,na,adult
6/26/2023,corn,na,104,na,Formicidae,na,na,adult
6/26/2023,corn,na,104,na,Formicidae,na,na,adult
6/26/2023,corn,na,104,na,Formicidae,na,na,adult
6/26/2023,corn,na,104,na,Formicidae,na,na,adult
6/26/2023,corn,na,104,na,Formicidae,na,na,adult
6/26/2023,corn,na,104,na,Formicidae,na,na,adult
6/26/2023,corn,na,104,na,Formicidae,na,na,adult
6/26/2023,corn,na,104,na,Formicidae,na,na,adult
6/26/2023,corn,na,104,na,Formicidae,na,na,adult
6/26/2023,corn,na,104,na,Formicidae,na,na,adult
6/26/2023,corn,na,104,na,Formicidae,na,na,adult
6/26/2023,corn,na,104,na,Formicidae,na,na,adult
6/26/2023,corn,na,104,na,Formicidae,na,na,adult
6/26/2023,corn,na,104,na,Formicidae,na,na,adult
6/26/2023,corn,na,104,na,Formicidae,na,na,adult
6/26/2023,corn,na,104,na,Formicidae,na,na,adult
6/26/2023,corn,na,104,na,Formicidae,na,na,adult
6/26/2023,corn,na,104,na,Formicidae,na,na,adult
6/26/2023,corn,na,104,na,Opiliones,na,na,adult
6/26/2023,corn,na,104,na,Opiliones,na,na,adult
6/26/2023,corn,na,104,na,Elateridae,na,na,adult
6/26/2023,corn,na,102,na,Formicidae,na,na,adult
6/26/2023,corn,na,102,na,Formicidae,na,na,adult
6/26/2023,corn,na,102,na,Formicidae,na,na,adult
6/26/2023,corn,na,102,na,Formicidae,na,na,adult
6/26/2023,corn,na,102,na,Formicidae,na,na,adult
6/26/2023,corn,na,102,na,Formicidae,na,na,adult
6/26/2023,corn,na,102,na,Formicidae,na,na,adult
6/26/2023,corn,na,102,na,Formicidae,na,na,adult
6/26/2023,corn,na,102,na,Formicidae,na,na,adult
6/26/2023,corn,na,102,na,Formicidae,na,na,adult
6/26/2023,corn,na,102,na,Opiliones,na,na,juvenile
6/26/2023,corn,na,102,na,Staphylinidae,na,na,adult
6/26/2023,corn,na,102,na,Staphylinidae,na,na,adult
6/26/2023,corn,na,102,na,Thomisidae,Misumenoides,na,adult
6/26/2023,corn,na,102,na,Linyphiidae,na,na,adult
6/26/2023,corn,na,102,na,Linyphiidae,na,na,adult
6/26/2023,corn,na,102,na,Chilopoda,na,na,juvenile
6/26/2023,corn,na,102,na,Carabidae,Pterostichus,na,adult
6/26/2023,corn,na,102,na,Coreidae,Petalops,na,adult
6/26/2023,corn,na,502,na,Opiliones,na,na,juvenile
6/26/2023,corn,na,502,na,Formicidae,na,na,adult
6/26/2023,corn,na,502,na,Formicidae,na,na,adult
6/26/2023,corn,na,502,na,Formicidae,na,na,adult
6/26/2023,corn,na,502,na,Formicidae,na,na,adult
6/26/2023,corn,na,502,na,Formicidae,na,na,adult
6/26/2023,corn,na,502,na,Formicidae,na,na,adult
6/26/2023,corn,na,502,na,Formicidae,na,na,adult
6/26/2023,corn,na,502,na,Diplopoda,na,na,adult
6/26/2023,corn,na,502,na,Lycosidae,Schizocosa,na,adult
6/26/2023,corn,na,502,na,Carabidae,Pterostichus,na,adult
6/26/2023,corn,na,502,na,Linyphiidae,na,na,adult
6/26/2023,corn,na,501,na,Carabidae,Pterostichus,na,adult
6/26/2023,corn,na,501,na,Carabidae,Pterostichus,na,adult
6/26/2023,corn,na,501,na,Formicidae,na,na,adult
6/26/2023,corn,na,501,na,Formicidae,na,na,adult
6/26/2023,corn,na,501,na,Staphylinidae,na,na,adult
6/26/2023,corn,na,501,na,Diplopoda,na,na,adult
6/26/2023,corn,na,501,na,Diplopoda,na,na,juvenile
6/26/2023,corn,na,501,na,Opiliones,na,na,adult
6/26/2023,corn,na,501,na,Opiliones,na,na,adult
6/26/2023,corn,na,503,na,Opiliones,na,na,adult
6/26/2023,corn,na,503,na,Opiliones,na,na,adult
6/26/2023,corn,na,503,na,Opiliones,na,na,adult
6/26/2023,corn,na,503,na,Opiliones,na,na,adult
6/26/2023,corn,na,503,na,Opiliones,na,na,adult
6/26/2023,corn,na,503,na,Opiliones,na,na,juvenile
6/26/2023,corn,na,503,na,Opiliones,na,na,juvenile
6/26/2023,corn,na,503,na,Opiliones,na,na,juvenile
6/26/2023,corn,na,503,na,Opiliones,na,na,juvenile
6/26/2023,corn,na,503,na,Opiliones,na,na,juvenile
6/26/2023,corn,na,503,na,Opiliones,na,na,juvenile
6/26/2023,corn,na,503,na,Carabidae,Pterostichus,na,adult
6/26/2023,corn,na,503,na,Chilopoda,na,na,juvenile
6/26/2023,corn,na,503,na,Gryllidae,na,na,juvenile
6/26/2023,corn,na,503,na,Formicidae,na,na,adult
6/26/2023,corn,na,503,na,Formicidae,na,na,adult
6/26/2023,corn,na,503,na,Formicidae,na,na,adult
6/26/2023,corn,na,503,na,Formicidae,na,na,adult
6/26/2023,corn,na,503,na,Formicidae,na,na,adult
6/26/2023,corn,na,503,na,Formicidae,na,na,adult
6/26/2023,corn,na,504,na,Formicidae,na,na,adult
6/26/2023,corn,na,504,na,Formicidae,na,na,adult
6/26/2023,corn,na,504,na,Formicidae,na,na,adult
6/26/2023,corn,na,504,na,Formicidae,na,na,adult
6/26/2023,corn,na,504,na,Formicidae,na,na,adult
6/26/2023,corn,na,504,na,Carabidae,Pterostichus,na,adult
6/26/2023,corn,na,504,na,Opiliones,na,na,adult
7/28/2023,corn,na,501,na,Lycosidae,Pardosa,na,adult
7/28/2023,corn,na,501,na,Lycosidae,Schizocosa,na,adult
7/28/2023,corn,na,501,na,Opiliones,na,na,juvenile
7/28/2023,corn,na,501,na,Carabidae,Chlaenius,emarginatus,adult
7/28/2023,corn,na,501,na,Carabidae,Chlaenius,emarginatus,adult
7/28/2023,corn,na,501,na,Carabidae,Chlaenius,emarginatus,adult
7/28/2023,corn,na,501,na,Elateridae,na,na,adult
7/28/2023,corn,na,501,na,Elateridae,na,na,adult
7/28/2023,corn,na,401,na,Formicidae,na,na,adult
7/28/2023,corn,na,401,na,Formicidae,na,na,adult
7/28/2023,corn,na,401,na,Carabidae,Notibia,terminata,adult
7/28/2023,corn,na,401,na,Carabidae,Harpalus,affinis,adult
7/28/2023,corn,na,301,na,Lycosidae,Pardosa,na,adult
7/28/2023,corn,na,301,na,Gyrillidae,na,na,juvenile
7/28/2023,corn,na,301,na,Formicidae,na,na,adult
7/28/2023,corn,na,301,na,Carabidae,Chlaenius,nemoralis,adult
7/28/2023,corn,na,301,na,Carabidae,Chlaenius,nemoralis,adult
7/28/2023,corn,na,301,na,Cicindelidae,Cicindela,punctulata ,adult
7/28/2023,corn,na,301,na,Lyniphiidae,na,na,adult
7/28/2023,corn,na,301,na,Carabidae,Trichotichnus,na,adult
7/28/2023,corn,na,502,na,Carabidae,Notibia,terminata,adult
7/28/2023,corn,na,502,na,Carabidae,Pterostichus,na,adult
7/28/2023,corn,na,502,na,Formicidae,na,na,adult
7/28/2023,corn,na,502,na,Lyniphiidae,na,na,adult
7/28/2023,corn,na,201,na,Carabidae,Poecilus,lucublandus,adult
7/28/2023,corn,na,201,na,Carabidae,Pterostichus,na,adult
7/28/2023,corn,na,201,na,Formicidae,na,na,adult
7/28/2023,corn,na,101,na,Formicidae,na,na,adult
7/28/2023,corn,na,101,na,Formicidae,na,na,adult
7/28/2023,corn,na,101,na,Diplopoda,na,na,adult
7/28/2023,corn,na,302,na,Carabidae,Chlaenius,nemoralis,adult
7/28/2023,corn,na,302,na,Carabidae,Chlaenius,nemoralis,adult
7/28/2023,corn,na,302,na,Carabidae,Poecilus,lucublandus,adult
7/28/2023,corn,na,302,na,Carabidae,Poecilus,lucublandus,adult
7/28/2023,corn,na,302,na,Carabidae,Poecilus,lucublandus,adult
7/28/2023,corn,na,302,na,Carabidae,Poecilus,lucublandus,adult
7/28/2023,corn,na,302,na,Opiliones,na,na,adult
7/28/2023,corn,na,302,na,Gyrillidae,na,na,juvenile
7/28/2023,corn,na,302,na,Formicidae,na,na,adult
7/28/2023,corn,na,302,na,Formicidae,na,na,adult
7/28/2023,corn,na,302,na,Formicidae,na,na,adult
7/28/2023,corn,na,503,na,Lycosidae,Schizocosa,na,adult
7/28/2023,corn,na,503,na,Formicidae,na,na,adult
7/28/2023,corn,na,504,na,Lycosidae,na,na,juvenile
7/28/2023,corn,na,504,na,Gyrillidae,na,na,juvenile
7/28/2023,corn,na,504,na,Gyrillidae,na,na,juvenile
7/28/2023,corn,na,504,na,Opiliones,na,na,juvenile
7/28/2023,corn,na,504,na,Opiliones,na,na,juvenile
7/28/2023,corn,na,504,na,Lycosidae,na,na,juvenile
7/28/2023,corn,na,402,na,Carabidae,Pterostichus,na,adult
7/28/2023,corn,na,402,na,Chilopoda,na,na,juvenile
7/28/2023,corn,na,202,na,Carabidae,Chlaenius,emarginatus,adult
7/28/2023,corn,na,202,na,Carabidae,Pterostichus,na,adult
7/28/2023,corn,na,202,na,Elateridae,na,na,adult
7/28/2023,corn,na,202,na,Elateridae,na,na,adult
7/28/2023,corn,na,202,na,Formicidae,na,na,adult
7/28/2023,corn,na,202,na,Formicidae,na,na,adult
7/28/2023,corn,na,202,na,Formicidae,na,na,adult
7/28/2023,corn,na,202,na,Formicidae,na,na,adult
7/28/2023,corn,na,202,na,Formicidae,na,na,adult
7/28/2023,corn,na,202,na,Formicidae,na,na,adult
7/28/2023,corn,na,202,na,Formicidae,na,na,adult
7/28/2023,corn,na,202,na,Lycosidae,Pardosa,na,adult
7/28/2023,corn,na,202,na,Lycosidae,Pardosa,na,adult
7/28/2023,corn,na,202,na,Lycosidae,Pardosa,na,adult
7/28/2023,corn,na,202,na,Lycosidae,na,na,juvenile
7/28/2023,corn,na,202,na,Gyrillidae,na,na,juvenile
7/28/2023,corn,na,202,na,Opiliones,na,na,juvenile
7/28/2023,corn,na,404,na,Gyrillidae,na,na,juvenile
7/28/2023,corn,na,404,na,Cicindelidae,Cicindela,punctulata ,adult
7/28/2023,corn,na,403,na,Lycosidae,Pardosa,na,adult
7/28/2023,corn,na,403,na,Lycosidae,Pardosa,na,adult
7/28/2023,corn,na,403,na,Lycosidae,Pardosa,na,adult
7/28/2023,corn,na,403,na,Lycosidae,Pardosa,na,adult
7/28/2023,corn,na,403,na,Elateridae,na,na,adult
7/28/2023,corn,na,403,na,Elateridae,na,na,adult
7/28/2023,corn,na,403,na,Elateridae,na,na,adult
7/28/2023,corn,na,403,na,Elateridae,na,na,adult
7/28/2023,corn,na,403,na,Elateridae,na,na,adult
7/28/2023,corn,na,403,na,Cicindelidae,Cicindela,punctulata ,adult
7/28/2023,corn,na,403,na,Cicindelidae,Cicindela,punctulata ,adult
7/28/2023,corn,na,403,na,Carabidae,Pterostichus,na,adult
7/28/2023,corn,na,403,na,Formicidae,na,na,adult
7/28/2023,corn,na,403,na,Formicidae,na,na,adult
7/28/2023,corn,na,403,na,Formicidae,na,na,adult
7/28/2023,corn,na,403,na,Diplopoda,na,na,adult
7/28/2023,corn,na,403,na,Carabidae,Chlaenius,nemoralis,adult
7/28/2023,corn,na,203,na,Carabidae,Poecilus,lucublandus,adult
7/28/2023,corn,na,203,na,Carabidae,Poecilus,lucublandus,adult
7/28/2023,corn,na,203,na,Carabidae,Poecilus,lucublandus,adult
7/28/2023,corn,na,203,na,Carabidae,Poecilus,lucublandus,adult
7/28/2023,corn,na,303,na,Carabidae,Pterostichus,na,adult
7/28/2023,corn,na,303,na,Carabidae,Pterostichus,na,adult
7/28/2023,corn,na,303,na,Carabidae,Pterostichus,na,adult
7/28/2023,corn,na,303,na,Acrididae,na,na,juvenile
7/28/2023,corn,na,303,na,Lyniphiidae,na,na,adult
7/28/2023,corn,na,102,na,Formicidae,na,na,adult
7/28/2023,corn,na,102,na,Formicidae,na,na,adult
7/28/2023,corn,na,102,na,Formicidae,na,na,adult
7/28/2023,corn,na,102,na,Formicidae,na,na,adult
7/28/2023,corn,na,102,na,Lycosidae,Schizocosa,na,adult
7/28/2023,corn,na,103,na,Formicidae,na,na,adult
7/28/2023,corn,na,103,na,Formicidae,na,na,adult
7/28/2023,corn,na,103,na,Formicidae,na,na,adult
7/28/2023,corn,na,103,na,Formicidae,na,na,adult
7/28/2023,corn,na,103,na,Formicidae,na,na,adult
7/28/2023,corn,na,103,na,Formicidae,na,na,adult
7/28/2023,corn,na,103,na,Staphylinidaa,na,na,adult
7/28/2023,corn,na,304,na,Opiliones,na,na,juvenile
7/28/2023,corn,na,304,na,Opiliones,na,na,juvenile
7/28/2023,corn,na,304,na,Opiliones,na,na,juvenile
7/28/2023,corn,na,304,na,Acrididae,na,na,juvenile
7/28/2023,corn,na,304,na,Cicindelidae,Cicindela,punctulata ,adult
7/28/2023,corn,na,304,na,Cicindelidae,Cicindela,punctulata ,adult
7/28/2023,corn,na,304,na,Carabidae,Poecilus,lucublandus,adult
7/28/2023,corn,na,304,na,Carabidae,Chlaenius,emarginatus,adult
7/28/2023,corn,na,304,na,Gyrillidae,na,na,juvenile
7/28/2023,corn,na,304,na,Formicidae,na,na,adult
7/28/2023,corn,na,304,na,Formicidae,na,na,adult
7/28/2023,corn,na,304,na,Formicidae,na,na,adult
7/28/2023,corn,na,304,na,Formicidae,na,na,adult
7/28/2023,corn,na,304,na,Formicidae,na,na,adult
7/28/2023,corn,na,304,na,Formicidae,na,na,adult
7/28/2023,corn,na,304,na,Formicidae,na,na,adult
7/28/2023,corn,na,204,na,Opiliones,na,na,adult
7/28/2023,corn,na,204,na,Opiliones,na,na,adult
7/28/2023,corn,na,204,na,Opiliones,na,na,adult
7/28/2023,corn,na,204,na,Opiliones,na,na,juvenile
7/28/2023,corn,na,204,na,Opiliones,na,na,juvenile
7/28/2023,corn,na,204,na,Opiliones,na,na,juvenile
7/28/2023,corn,na,204,na,Opiliones,na,na,juvenile
7/28/2023,corn,na,204,na,Formicidae,na,na,adult
7/28/2023,corn,na,204,na,Formicidae,na,na,adult
7/28/2023,corn,na,204,na,Formicidae,na,na,adult
7/28/2023,corn,na,204,na,Gyrillidae,na,na,juvenile
7/28/2023,corn,na,204,na,Diplopoda,na,na,adult
7/28/2023,corn,na,204,na,Carabidae,Chlaenius,nemoralis,adult
7/28/2023,corn,na,104,na,Cicindelidae,Cicindela,punctulata ,adult
7/28/2023,corn,na,104,na,Formicidae,na,na,adult
7/28/2023,corn,na,104,na,Formicidae,na,na,adult
7/28/2023,corn,na,104,na,Opiliones,na,na,juvenile
5/28/2022,corn ,na,203,2,Liniphiidae ,na,na,adult 
5/28/2022,corn ,na,203,2,Opiliones ,na,na,adult 
5/28/2022,corn ,na,203,2,Opiliones ,na,na,adult 
5/28/2022,corn ,na,203,2,Opiliones ,na,na,juvenile 
5/28/2022,corn ,na,203,2,Opiliones ,na,na,juvenile 
5/28/2022,corn ,na,203,2,Opiliones ,na,na,juvenile 
5/28/2022,corn ,na,203,2,Opiliones ,na,na,juvenile 
5/28/2022,corn ,na,203,2,Opiliones ,na,na,juvenile 
5/28/2022,corn ,na,203,2,Opiliones ,na,na,juvenile 
5/28/2022,corn ,na,203,2,Opiliones ,na,na,juvenile 
5/28/2022,corn ,na,503,1,na,na,na,na
5/28/2022,corn ,na,504,2,na,na,na,na
5/28/2022,corn ,na,501,2,na,na,na,na
5/28/2022,corn ,na,303,1,na,na,na,na
5/28/2022,corn ,na,403,1,Lycosidae,Pardosa ,na,adult 
5/28/2022,corn ,na,403,1,Lycosidae,na,na,adult 
5/28/2022,corn ,na,403,1,Opiliones ,na,na,juvenile 
5/28/2022,corn ,na,101,1,Lycosidae,Pardosa ,na,adult 
5/28/2022,corn ,na,101,1,Liniphiidae ,na,na,adult 
5/28/2022,corn ,na,101,1,Opiliones ,na,na,adult 
5/28/2022,corn ,na,101,1,Opiliones ,na,na,adult 
5/28/2022,corn ,na,101,1,Opiliones ,na,na,juvenile 
5/28/2022,corn ,na,101,1,Opiliones ,na,na,juvenile 
5/28/2022,corn ,na,101,1,Opiliones ,na,na,juvenile 
5/28/2022,corn ,na,101,1,Opiliones ,na,na,juvenile 
5/28/2022,corn ,na,101,1,Opiliones ,na,na,juvenile 
5/28/2022,corn ,na,501,1,Thomisidae ,Misumenoides,na,adult 
5/28/2022,corn ,na,501,1,Liniphiidae ,na,na,adult 
5/28/2022,corn ,na,501,1,Liniphiidae ,na,na,adult 
5/28/2022,corn ,na,501,1,Liniphiidae ,na,na,adult 
5/28/2022,corn ,na,104,1,Lycosidae,Pardosa ,na,adult 
5/28/2022,corn ,na,104,1,Carabidae ,Poecilus ,lucublandus ,adult 
5/28/2022,corn ,na,104,1,Carabidae ,Chlaenius ,tricolor ,adult
5/28/2022,corn ,na,104,1,Carabidae ,Chlaenius ,tricolor ,adult
5/28/2022,corn ,na,104,1,Carabidae ,Chlaenius ,tricolor ,adult
5/28/2022,corn ,na,104,1,Carabidae ,Synuchus,impunctatus,adult
5/28/2022,corn ,na,104,1,Carabidae ,Synuchus,impunctatus,adult
5/28/2022,corn ,na,104,1,Opiliones ,na,na,adult 
5/28/2022,corn ,na,104,1,Opiliones ,na,na,adult 
5/28/2022,corn ,na,104,1,Opiliones ,na,na,adult 
5/28/2022,corn ,na,104,1,Opiliones ,na,na,juvenile 
5/28/2022,corn ,na,104,1,Opiliones ,na,na,juvenile 
5/28/2022,corn ,na,104,1,Opiliones ,na,na,juvenile 
5/28/2022,corn ,na,104,1,Opiliones ,na,na,juvenile 
5/28/2022,corn ,na,104,1,Opiliones ,na,na,juvenile 
5/28/2022,corn ,na,104,1,Opiliones ,na,na,juvenile 
5/28/2022,corn ,na,104,1,Opiliones ,na,na,juvenile 
5/28/2022,corn ,na,104,1,Opiliones ,na,na,juvenile 
5/28/2022,corn ,na,104,1,Opiliones ,na,na,juvenile 
5/28/2022,corn ,na,104,1,Opiliones ,na,na,juvenile 
5/28/2022,corn ,na,204,2,Opiliones ,na,na,juvenile 
5/28/2022,corn ,na,204,2,Carabidae ,Poecilus ,lucublandus ,adult
5/28/2022,corn ,na,204,2,Lycosidae,Pardosa ,na,adult
5/28/2022,corn ,na,204,2,Lycosidae,Pardosa ,na,adult
5/28/2022,corn ,na,204,2,Lycosidae,Schizocosa ,na,adult 
5/28/2022,corn ,na,102,1,Opiliones ,na,na,juvenile 
5/28/2022,corn ,na,102,1,Opiliones ,na,na,juvenile 
5/28/2022,corn ,na,102,1,Opiliones ,na,na,juvenile 
5/28/2022,corn ,na,102,1,Opiliones ,na,na,juvenile 
5/28/2022,corn ,na,102,1,Opiliones ,na,na,juvenile 
5/28/2022,corn ,na,102,1,Opiliones ,na,na,juvenile 
5/28/2022,corn ,na,102,1,Opiliones ,na,na,juvenile 
5/28/2022,corn ,na,102,1,Opiliones ,na,na,juvenile 
5/28/2022,corn ,na,102,1,Opiliones ,na,na,juvenile 
5/28/2022,corn ,na,102,1,Opiliones ,na,na,juvenile 
5/28/2022,corn ,na,102,1,Opiliones ,na,na,juvenile 
5/28/2022,corn ,na,102,1,Opiliones ,na,na,juvenile 
5/28/2022,corn ,na,102,1,Opiliones ,na,na,juvenile 
5/28/2022,corn ,na,102,1,Opiliones ,na,na,juvenile 
5/28/2022,corn ,na,102,1,Opiliones ,na,na,juvenile 
5/28/2022,corn ,na,102,1,Opiliones ,na,na,juvenile 
5/28/2022,corn ,na,102,1,Lycosidae,na,na,juvenile 
5/28/2022,corn ,na,102,1,Gnaphosidae,na,na,adult
5/28/2022,corn ,na,104,2,Lycosidae,Pardosa ,na,adult
5/28/2022,corn ,na,104,2,Lycosidae,na,na,adult
5/28/2022,corn ,na,104,2,Liniphiidae ,na,na,adult
5/28/2022,corn ,na,104,2,Opiliones ,na,na,adult
5/28/2022,corn ,na,104,2,Opiliones ,na,na,adult
5/28/2022,corn ,na,104,2,Opiliones ,na,na,juvenile 
5/28/2022,corn ,na,104,2,Opiliones ,na,na,juvenile 
5/28/2022,corn ,na,104,2,Opiliones ,na,na,juvenile 
5/28/2022,corn ,na,104,2,Opiliones ,na,na,juvenile 
5/28/2022,corn ,na,104,2,Opiliones ,na,na,juvenile 
5/28/2022,corn ,na,104,2,Opiliones ,na,na,juvenile 
5/28/2022,corn ,na,403,2,Opiliones ,na,na,adult
5/28/2022,corn ,na,403,2,Opiliones ,na,na,adult
5/28/2022,corn ,na,403,2,Lycosidae,Pardosa ,na,adult
5/28/2022,corn ,na,201,1,Opiliones ,na,na,adult
5/28/2022,corn ,na,201,1,Opiliones ,na,na,adult
5/28/2022,corn ,na,201,1,Opiliones ,na,na,adult
5/28/2022,corn ,na,201,1,Opiliones ,na,na,adult
5/28/2022,corn ,na,201,1,Opiliones ,na,na,adult
5/28/2022,corn ,na,201,1,Opiliones ,na,na,juvenile 
5/28/2022,corn ,na,201,1,Opiliones ,na,na,juvenile 
5/28/2022,corn ,na,201,1,Opiliones ,na,na,juvenile 
5/28/2022,corn ,na,201,1,Opiliones ,na,na,juvenile 
5/28/2022,corn ,na,201,1,Opiliones ,na,na,juvenile 
5/28/2022,corn ,na,201,1,Opiliones ,na,na,juvenile 
5/28/2022,corn ,na,201,1,Opiliones ,na,na,juvenile 
5/28/2022,corn ,na,201,1,Opiliones ,na,na,juvenile 
5/28/2022,corn ,na,201,1,Opiliones ,na,na,juvenile 
5/28/2022,corn ,na,201,1,Opiliones ,na,na,juvenile 
5/28/2022,corn ,na,201,1,Opiliones ,na,na,juvenile 
5/28/2022,corn ,na,201,1,Opiliones ,na,na,juvenile 
5/28/2022,corn ,na,404,1,Carabidae ,Poecilus ,lucublandus ,adult 
5/28/2022,corn ,na,404,1,Opiliones ,na,na,juvenile 
5/28/2022,corn ,na,404,1,Opiliones ,na,na,juvenile 
5/28/2022,corn ,na,404,1,Opiliones ,na,na,juvenile 
5/28/2022,corn ,na,404,1,Opiliones ,na,na,juvenile 
5/28/2022,corn ,na,404,1,Opiliones ,na,na,juvenile 
5/28/2022,corn ,na,404,1,Opiliones ,na,na,juvenile 
5/28/2022,corn ,na,404,1,Opiliones ,na,na,juvenile 
5/28/2022,corn ,na,404,1,Opiliones ,na,na,juvenile 
5/28/2022,corn ,na,404,1,Opiliones ,na,na,juvenile 
5/28/2022,corn ,na,404,1,Opiliones ,na,na,juvenile 
5/28/2022,corn ,na,404,1,Opiliones ,na,na,juvenile 
5/28/2022,corn ,na,404,2,Carabidae ,Poecilus ,lucublandus ,adult 
5/28/2022,corn ,na,404,2,Lycosidae,Pardosa ,na,adult
5/28/2022,corn ,na,404,2,Lycosidae,Pardosa ,na,adult
5/28/2022,corn ,na,404,2,Thomisidae ,Misumenoides,na,adult
5/28/2022,corn ,na,404,2,Thomisidae ,Misumenoides,na,adul
5/28/2022,corn ,na,404,2,Liniphiidae ,na,na,adult
5/28/2022,corn ,na,404,2,Liniphiidae ,na,na,adult 
5/28/2022,corn ,na,404,2,Lycosidae,na,na,adult
5/28/2022,corn ,na,404,2,Opiliones ,na,na,juvenile 
5/28/2022,corn ,na,404,2,Opiliones ,na,na,juvenile 
5/28/2022,corn ,na,404,2,Opiliones ,na,na,juvenile 
5/28/2022,corn ,na,404,2,Opiliones ,na,na,juvenile 
5/28/2022,corn ,na,404,2,Opiliones ,na,na,juvenile 
5/28/2022,corn ,na,404,2,Opiliones ,na,na,juvenile 
5/28/2022,corn ,na,404,2,Opiliones ,na,na,juvenile 
5/28/2022,corn ,na,404,2,Opiliones ,na,na,juvenile 
5/28/2022,corn ,na,404,2,Opiliones ,na,na,juvenile 
5/28/2022,corn ,na,404,2,Opiliones ,na,na,juvenile 
5/28/2022,corn ,na,404,2,Opiliones ,na,na,adult
5/28/2022,corn ,na,404,2,Opiliones ,na,na,adult
5/28/2022,corn ,na,404,2,Gnaphosidae,na,na,adult 
5/28/2022,corn ,na,301,1,Elateridae ,na,na,adult 
5/28/2022,corn ,na,301,1,Elateridae ,na,na,adult 
5/28/2022,corn ,na,301,1,Elateridae ,na,na,adult 
5/28/2022,corn ,na,301,1,Elateridae ,na,na,adult 
5/28/2022,corn ,na,301,1,Elateridae ,na,na,adult 
5/28/2022,corn ,na,301,1,Elateridae ,na,na,adult 
5/28/2022,corn ,na,301,1,Elateridae ,na,na,adult 
5/28/2022,corn ,na,301,1,Elateridae ,na,na,adult 
5/28/2022,corn ,na,301,1,Elateridae ,na,na,adult 
5/28/2022,corn ,na,301,1,Lycosidae,Pardosa ,na,adult
5/28/2022,corn ,na,301,1,Liniphiidae ,na,na,adult
5/28/2022,corn ,na,301,1,Carabidae ,Poecilus ,lucublandus ,adult 
5/28/2022,corn ,na,301,1,Carabidae ,Poecilus ,lucublandus ,adult 
5/28/2022,corn ,na,301,1,Carabidae ,Poecilus ,lucublandus ,adult 
5/28/2022,corn ,na,301,1,Carabidae ,Poecilus ,lucublandus ,adult 
5/28/2022,corn ,na,301,1,Carabidae ,Poecilus ,lucublandus ,adult 
5/28/2022,corn ,na,301,1,Carabidae ,Poecilus ,lucublandus ,adult 
5/28/2022,corn ,na,301,1,Carabidae ,Poecilus ,lucublandus ,adult 
5/28/2022,corn ,na,301,1,Carabidae ,Synuchus,na,adult 
5/28/2022,corn ,na,301,1,Opiliones ,na,na,juvenile 
5/28/2022,corn ,na,301,1,Opiliones ,na,na,juvenile 
5/28/2022,corn ,na,301,1,Opiliones ,na,na,juvenile 
5/28/2022,corn ,na,301,1,Opiliones ,na,na,juvenile 
5/28/2022,corn ,na,301,1,Opiliones ,na,na,juvenile 
5/28/2022,corn ,na,301,1,Opiliones ,na,na,juvenile 
5/28/2022,corn ,na,301,1,Opiliones ,na,na,juvenile 
5/28/2022,corn ,na,301,1,Opiliones ,na,na,juvenile 
5/28/2022,corn ,na,301,1,Opiliones ,na,na,juvenile 
5/28/2022,corn ,na,301,1,Opiliones ,na,na,juvenile 
5/28/2022,corn ,na,301,1,Opiliones ,na,na,juvenile 
5/28/2022,corn ,na,301,1,Opiliones ,na,na,juvenile 
5/28/2022,corn ,na,102,2,Lycosidae,Pardosa ,na,adult
5/28/2022,corn ,na,102,2,Liniphiidae ,na,na,adult 
5/28/2022,corn ,na,102,2,Elateridae ,na,na,adult 
5/28/2022,corn ,na,102,2,Opiliones ,na,na,juvenile 
5/28/2022,corn ,na,102,2,Opiliones ,na,na,juvenile 
5/28/2022,corn ,na,102,2,Opiliones ,na,na,juvenile 
5/28/2022,corn ,na,102,2,Opiliones ,na,na,juvenile 
5/28/2022,corn ,na,102,2,Opiliones ,na,na,juvenile 
5/28/2022,corn ,na,102,2,Opiliones ,na,na,juvenile 
5/28/2022,corn ,na,102,2,Opiliones ,na,na,juvenile 
5/28/2022,corn ,na,102,2,Opiliones ,na,na,juvenile 
5/28/2022,corn ,na,102,2,Opiliones ,na,na,juvenile 
5/28/2022,corn ,na,102,2,Opiliones ,na,na,juvenile 
5/28/2022,corn ,na,302,1,Lycosidae,na,na,adult
5/28/2022,corn ,na,302,1,Lycosidae,Pardosa ,na,adult
5/28/2022,corn ,na,302,1,Staphylinidae ,na,na,adult
5/28/2022,corn ,na,302,1,Opiliones ,na,na,juvenile 
5/28/2022,corn ,na,302,1,Opiliones ,na,na,juvenile 
5/28/2022,corn ,na,302,1,Opiliones ,na,na,juvenile 
5/28/2022,corn ,na,302,1,Opiliones ,na,na,juvenile 
5/28/2022,corn ,na,202,1,Opiliones ,na,na,juvenile 
5/28/2022,corn ,na,202,1,Opiliones ,na,na,juvenile 
5/28/2022,corn ,na,202,1,Opiliones ,na,na,juvenile 
5/28/2022,corn ,na,202,1,Opiliones ,na,na,adult
5/28/2022,corn ,na,202,1,Opiliones ,na,na,adult
5/28/2022,corn ,na,402,1,Liniphiidae ,na,na,adult
5/28/2022,corn ,na,402,1,Liniphiidae ,na,na,adult
5/28/2022,corn ,na,402,1,Liniphiidae ,na,na,juvenile 
5/28/2022,corn ,na,402,1,Lycosidae,na,na,adult
5/28/2022,corn ,na,402,1,Staphylinidae,na,na,adult
5/28/2022,corn ,na,402,1,Staphylinidae,na,na,adult
5/28/2022,corn ,na,402,1,Staphylinidae,na,na,adult
5/28/2022,corn ,na,402,1,Staphylinidae,na,na,adult
5/28/2022,corn ,na,402,1,Opiliones ,na,na,juvenile 
5/28/2022,corn ,na,402,1,Opiliones ,na,na,juvenile 
5/28/2022,corn ,na,202,2,Liniphiidae ,na,na,adult
5/28/2022,corn ,na,202,2,Opiliones ,na,na,juvenile 
5/28/2022,corn ,na,202,2,Opiliones ,na,na,juvenile 
5/28/2022,corn ,na,202,2,Opiliones ,na,na,juvenile 
5/28/2022,corn ,na,202,2,Opiliones ,na,na,juvenile 
5/28/2022,corn ,na,202,2,Opiliones ,na,na,juvenile 
5/28/2022,corn ,na,202,2,Opiliones ,na,na,juvenile 
5/28/2022,corn ,na,202,2,Opiliones ,na,na,juvenile 
5/28/2022,corn ,na,202,2,Opiliones ,na,na,juvenile 
5/28/2022,corn ,na,202,2,Opiliones ,na,na,adult
5/28/2022,corn ,na,202,2,Opiliones ,na,na,adult
5/28/2022,corn ,na,204,1,Lycosidae,Pardosa ,na,adult
5/28/2022,corn ,na,204,1,Lycosidae,Pardosa ,na,adult
5/28/2022,corn ,na,204,1,Lycosidae,Pardosa ,na,adult
5/28/2022,corn ,na,204,1,Lycosidae,Schizocosa ,na,adult
5/28/2022,corn ,na,204,1,Thomisidae ,Misumenoides,na,adult
5/28/2022,corn ,na,204,1,Staphylinidae ,na,na,adult
5/28/2022,corn ,na,204,1,Carabidae ,Poecilus ,lucublandus ,adult
5/28/2022,corn ,na,204,1,Opiliones ,na,na,adult
5/28/2022,corn ,na,204,1,Opiliones ,na,na,adult
5/28/2022,corn ,na,204,1,Opiliones ,na,na,adult
5/28/2022,corn ,na,204,1,Opiliones ,na,na,juvenile 
5/28/2022,corn ,na,204,1,Opiliones ,na,na,juvenile 
5/28/2022,corn ,na,204,1,Opiliones ,na,na,juvenile 
5/28/2022,corn ,na,204,1,Opiliones ,na,na,juvenile 
5/28/2022,corn ,na,204,1,Opiliones ,na,na,juvenile 
5/28/2022,corn ,na,502,1,Elateridae ,na,na,adult
5/28/2022,corn ,na,502,1,Lycosidae,na,na,adult
5/28/2022,corn ,na,502,1,Opiliones ,na,na,adult 
5/28/2022,corn ,na,302,2,Lycosidae,Pardosa ,na,adult
5/28/2022,corn ,na,302,2,Lycosidae,Pardosa ,na,adult
5/28/2022,corn ,na,302,2,Lycosidae,Pardosa ,na,adult
5/28/2022,corn ,na,302,2,Lycosidae,Pardosa ,na,adult
5/28/2022,corn ,na,302,2,Lycosidae,Pardosa ,na,adult
5/28/2022,corn ,na,302,2,Carabidae ,Poecilus ,lucublandus ,adult
5/28/2022,corn ,na,302,2,Opiliones ,na,na,juvenile 
5/28/2022,corn ,na,302,2,Opiliones ,na,na,juvenile 
5/28/2022,corn ,na,302,2,Opiliones ,na,na,juvenile 
5/28/2022,corn ,na,302,2,Opiliones ,na,na,juvenile 
5/28/2022,corn ,na,503,2,Staphylinidae ,na,na,adult
5/28/2022,corn ,na,503,2,Staphylinidae ,na,na,adult 
5/28/2022,corn ,na,503,2,Staphylinidae ,na,na,adult 
5/28/2022,corn ,na,503,2,Opiliones ,na,na,juvenile 
5/28/2022,corn ,na,503,2,Opiliones ,na,na,juvenile 
5/28/2022,corn ,na,503,2,Opiliones ,na,na,juvenile 
5/28/2022,corn ,na,503,2,Opiliones ,na,na,juvenile 
5/28/2022,corn ,na,503,2,Opiliones ,na,na,juvenile 
5/28/2022,corn ,na,503,2,Opiliones ,na,na,juvenile 
5/28/2022,corn ,na,503,2,Opiliones ,na,na,juvenile 
5/28/2022,corn ,na,503,2,Opiliones ,na,na,juvenile 
5/28/2022,corn ,na,503,2,Opiliones ,na,na,juvenile 
5/28/2022,corn ,na,503,2,Opiliones ,na,na,juvenile 
5/28/2022,corn ,na,503,2,Opiliones ,na,na,juvenile 
5/28/2022,corn ,na,503,2,Opiliones ,na,na,juvenile 
5/28/2022,corn ,na,503,2,Opiliones ,na,na,adult
5/28/2022,corn ,na,503,2,Opiliones ,na,na,adult
5/28/2022,corn ,na,503,2,Opiliones ,na,na,adult
5/28/2022,corn ,na,503,2,Opiliones ,na,na,adult 
5/28/2022,corn ,na,401,2,Lycosidae,Pardosa ,na,adult
5/28/2022,corn ,na,401,2,Lycosidae,Pardosa ,na,adult
5/28/2022,corn ,na,401,2,Lycosidae,Pardosa ,na,adult
5/28/2022,corn ,na,401,2,Thomisidae ,Misumenoides,na,adult 
5/28/2022,corn ,na,401,2,Carabidae ,Poecilus ,lucublandus ,adult
5/28/2022,corn ,na,401,2,Elateridae ,na,na,adult 
5/28/2022,corn ,na,401,2,Elateridae ,na,na,adult 
5/28/2022,corn ,na,401,2,Opiliones ,na,na,adult
5/28/2022,corn ,na,401,2,Opiliones ,na,na,adult
5/28/2022,corn ,na,401,2,Opiliones ,na,na,adult
5/28/2022,corn ,na,401,2,Opiliones ,na,na,adult
5/28/2022,corn ,na,401,2,Opiliones ,na,na,adult
5/28/2022,corn ,na,303,2,Elateridae ,na,na,adult
5/28/2022,corn ,na,303,2,Elateridae ,na,na,adult
5/28/2022,corn ,na,303,2,Lycosidae,Pardosa ,na,adult
5/28/2022,corn ,na,303,2,Lycosidae,na,na,adult
5/28/2022,corn ,na,303,2,Opiliones ,na,na,juvenile 
5/28/2022,corn ,na,303,2,Opiliones ,na,na,juvenile 
5/28/2022,corn ,na,303,2,Opiliones ,na,na,juvenile 
5/28/2022,corn ,na,303,2,Opiliones ,na,na,juvenile 
5/28/2022,corn ,na,303,2,Opiliones ,na,na,juvenile 
5/28/2022,corn ,na,303,2,Opiliones ,na,na,juvenile 
5/28/2022,corn ,na,303,2,Opiliones ,na,na,juvenile 
5/28/2022,corn ,na,303,2,Opiliones ,na,na,juvenile 
5/28/2022,corn ,na,303,2,Opiliones ,na,na,juvenile 
5/28/2022,corn ,na,303,2,Opiliones ,na,na,adult
5/28/2022,corn ,na,303,2,Opiliones ,na,na,adult 
5/28/2022,corn ,na,303,2,Tetrgnathidae,Pachygnatha,na,adult
5/28/2022,corn ,na,303,2,Tetrgnathidae,Pachygnatha,na,adult
5/28/2022,corn ,na,304,2,Lycosidae,Pardosa ,na,adult
5/28/2022,corn ,na,304,2,Lycosidae,Pardosa ,na,adult
5/28/2022,corn ,na,304,2,Lycosidae,Pardosa ,na,adult
5/28/2022,corn ,na,304,2,Lycosidae,Pardosa ,na,adult
5/28/2022,corn ,na,304,2,Lycosidae,Pardosa ,na,adult
5/28/2022,corn ,na,304,2,Lycosidae,na,na,juvenile 
5/28/2022,corn ,na,304,2,Lycosidae,Varacosa,na,adult
5/28/2022,corn ,na,304,2,Carabidae ,Stenolophus,na,adult
5/28/2022,corn ,na,304,2,Opiliones ,na,na,juvenile 
5/28/2022,corn ,na,304,2,Opiliones ,na,na,juvenile 
5/28/2022,corn ,na,304,2,Opiliones ,na,na,juvenile 
5/28/2022,corn ,na,304,2,Opiliones ,na,na,juvenile 
5/28/2022,corn ,na,304,2,Opiliones ,na,na,juvenile 
5/28/2022,corn ,na,304,2,Opiliones ,na,na,juvenile 
5/28/2022,corn ,na,304,2,Opiliones ,na,na,juvenile 
5/28/2022,corn ,na,304,2,Opiliones ,na,na,juvenile 
5/28/2022,corn ,na,304,2,Opiliones ,na,na,juvenile 
5/28/2022,corn ,na,402,2,Carabidae ,Synuchus,na,adult 
5/28/2022,corn ,na,402,2,Carabidae ,Synuchus,na,adult 
5/28/2022,corn ,na,402,2,Carabidae ,Synuchus,na,adult 
5/28/2022,corn ,na,402,2,Carabidae ,Synuchus,na,adult 
5/28/2022,corn ,na,402,2,Liniphiidae ,na,na,adult
5/28/2022,corn ,na,402,2,Liniphiidae ,na,na,adult 
5/28/2022,corn ,na,103,2,Staphylinidae,na,na,adult
5/28/2022,corn ,na,103,2,Staphylinidae,na,na,adult
5/28/2022,corn ,na,103,2,Lycosidae,Pardosa ,na,adult
5/28/2022,corn ,na,103,2,Lycosidae,Schizocosa ,na,adult
5/28/2022,corn ,na,103,2,Lycosidae,na,na,adult
5/28/2022,corn ,na,103,2,Lycosidae,na,na,adult
5/28/2022,corn ,na,103,2,Opiliones ,na,na,juvenile 
5/28/2022,corn ,na,103,2,Opiliones ,na,na,juvenile 
5/28/2022,corn ,na,103,2,Opiliones ,na,na,juvenile 
5/28/2022,corn ,na,103,2,Opiliones ,na,na,juvenile 
5/28/2022,corn ,na,103,2,Opiliones ,na,na,adult
5/28/2022,corn ,na,103,2,Opiliones ,na,na,adult
5/28/2022,corn ,na,103,2,Opiliones ,na,na,adult
5/28/2022,corn ,na,504,1,Liniphiidae ,na,na,adult
5/28/2022,corn ,na,504,1,Liniphiidae ,na,na,adult
5/28/2022,corn ,na,504,1,Liniphiidae ,na,na,juvenile 
5/28/2022,corn ,na,504,1,Lycosidae,na,na,adult
5/28/2022,corn ,na,504,1,Staphylinidae,na,na,adult
5/28/2022,corn ,na,504,1,Staphylinidae,na,na,adult
5/28/2022,corn ,na,504,1,Staphylinidae,na,na,adult
5/28/2022,corn ,na,504,1,Lycosidae,Pardosa ,na,adult
5/28/2022,corn ,na,504,1,Lycosidae,Pardosa ,na,adult
5/28/2022,corn ,na,504,1,Lycosidae,Pardosa ,na,adult
5/28/2022,corn ,na,504,1,Lycosidae,Pardosa ,na,adult
5/28/2022,corn ,na,504,1,Lycosidae,Schizocosa ,na,adult
5/28/2022,corn ,na,504,1,Lycosidae,Schizocosa ,na,adult
5/28/2022,corn ,na,504,1,Carabidae ,Badister,na,adult
5/28/2022,corn ,na,504,1,Opiliones ,na,na,adult
5/28/2022,corn ,na,504,1,Opiliones ,na,na,juvenile 
5/28/2022,corn ,na,504,1,Opiliones ,na,na,juvenile 
5/28/2022,corn ,na,504,1,Opiliones ,na,na,juvenile 
5/28/2022,corn ,na,301,1,Lycosidae,Pardosa,na,adult
5/28/2022,corn ,na,301,1,Lycosidae,Pardosa,na,adult
5/28/2022,corn ,na,301,1,Lycosidae,Pardosa,na,adult
5/28/2022,corn ,na,301,1,Opiliones ,na,na,juvenile
5/28/2022,corn ,na,301,1,Opiliones ,na,na,juvenile
5/28/2022,corn ,na,301,1,Opiliones ,na,na,juvenile
5/28/2022,corn ,na,301,1,Opiliones ,na,na,juvenile
5/28/2022,corn ,na,301,1,Opiliones ,na,na,juvenile
5/28/2022,corn ,na,301,1,Opiliones ,na,na,juvenile
5/28/2022,corn ,na,301,1,Opiliones ,na,na,juvenile
5/28/2022,corn ,na,301,1,Opiliones ,na,na,juvenile
5/28/2022,corn ,na,201,2,Elateridae ,na,na,adult
5/28/2022,corn ,na,201,2,Elateridae ,na,na,adult
5/28/2022,corn ,na,201,2,Elateridae ,na,na,adult
5/28/2022,corn ,na,201,2,Opiliones ,na,na,adult
5/28/2022,corn ,na,201,2,Opiliones ,na,na,adult
5/28/2022,corn ,na,201,2,Opiliones ,na,na,juvenile
5/28/2022,corn ,na,201,2,Opiliones ,na,na,juvenile
5/28/2022,corn ,na,201,2,Opiliones ,na,na,juvenile
5/28/2022,corn ,na,201,2,Opiliones ,na,na,juvenile
5/28/2022,corn ,na,201,2,Opiliones ,na,na,juvenile
5/28/2022,corn ,na,201,2,Opiliones ,na,na,juvenile
5/28/2022,corn ,na,201,2,Opiliones ,na,na,juvenile
5/28/2022,corn ,na,201,2,Opiliones ,na,na,juvenile
5/28/2022,corn ,na,201,2,Opiliones ,na,na,juvenile
5/28/2022,corn ,na,201,2,Opiliones ,na,na,juvenile
5/28/2022,corn ,na,201,2,Opiliones ,na,na,juvenile
5/28/2022,corn ,na,201,2,Opiliones ,na,na,juvenile
5/28/2022,corn ,na,201,2,Opiliones ,na,na,juvenile
5/28/2022,corn ,na,201,2,Opiliones ,na,na,juvenile
5/28/2022,corn ,na,201,2,Opiliones ,na,na,juvenile
5/28/2022,corn ,na,201,2,Opiliones ,na,na,juvenile
5/28/2022,corn ,na,101,2,Carabidae ,Poecilus ,lucublandus ,adult
5/28/2022,corn ,na,101,2,Elateridae ,na,na,adult
5/28/2022,corn ,na,101,2,Liniphiidae ,na,na,adult
5/28/2022,corn ,na,101,2,Opiliones ,na,na,adult
5/28/2022,corn ,na,101,2,Opiliones ,na,na,juvenile
5/28/2022,corn ,na,401,1,Elateridae ,na,na,adult
5/28/2022,corn ,na,401,1,Liniphiidae ,na,na,adult
5/28/2022,corn ,na,401,1,Opiliones ,na,na,adult
5/28/2022,corn ,na,401,1,Opiliones ,na,na,juvenile
5/28/2022,corn ,na,203,1,Lycosidae,Pardosa,na,adult
5/28/2022,corn ,na,203,1,Lycosidae,Pardosa,na,adult
5/28/2022,corn ,na,203,1,Liniphiidae ,na,na,adult
5/28/2022,corn ,na,203,1,Opiliones ,na,na,juvenile
5/28/2022,corn ,na,203,1,Opiliones ,na,na,juvenile
5/28/2022,corn ,na,203,1,Opiliones ,na,na,juvenile
5/28/2022,corn ,na,203,1,Opiliones ,na,na,juvenile
5/28/2022,corn ,na,203,1,Opiliones ,na,na,juvenile
5/28/2022,corn ,na,203,1,Opiliones ,na,na,juvenile
5/28/2022,corn ,na,103,1,Carabidae ,Chlaenius ,tricolor ,adult
5/28/2022,corn ,na,103,1,Lycosidae,Pardosa,na,adult
5/28/2022,corn ,na,103,1,Lycosidae,Schizocosa ,na,adult
5/28/2022,corn ,na,103,1,Opiliones ,na,na,juvenile
5/28/2022,corn ,na,103,1,Opiliones ,na,na,juvenile
5/28/2022,corn ,na,103,1,Opiliones ,na,na,juvenile 
5/28/2022,corn ,na,304,1,Lycosidae,Pardosa,na,adult
5/28/2022,corn ,na,304,1,Staphylinidae,na,na,adult
5/28/2022,corn ,na,304,1,Staphylinidae,na,na,adult
5/28/2022,corn ,na,304,1,Staphylinidae,na,na,adult
5/28/2022,corn ,na,304,1,Liniphiidae ,na,na,adult
5/28/2022,corn ,na,304,1,Opiliones ,na,na,juvenile
5/28/2022,corn ,na,304,1,Opiliones ,na,na,juvenile
5/28/2022,corn ,na,304,1,Opiliones ,na,na,juvenile 
5/28/2022,corn ,na,304,1,Opiliones ,na,na,juvenile
5/28/2022,corn ,na,304,1,Opiliones ,na,na,juvenile 
5/28/2022,corn ,na,304,1,Opiliones ,na,na,juvenile
5/28/2022,corn ,na,304,1,Opiliones ,na,na,juvenile 
5/28/2022,corn ,na,304,1,Opiliones ,na,na,juvenile
7/1/2022,corn,na,101,1,Carabidae ,Stenolophus,na,adult
7/1/2022,corn,na,101,1,Lycosidae ,na,na,juvenile 
7/1/2022,corn,na,101,1,Lycosidae ,na,na,adult
7/1/2022,corn,na,101,1,Opiliones ,na,na,adult
7/1/2022,corn,na,101,1,Staphylinidae,na,na,adult 
7/1/2022,corn,na,101,2,Lycosidae ,Pardosa ,na, adult 
7/1/2022,corn,na,101,2,Lycosidae ,Pardosa ,na, adult 
7/1/2022,corn,na,101,2,Lycosidae ,na,na, adult 
7/1/2022,corn,na,102,1,Lycosidae ,Alopecosa,na,adult 
7/1/2022,corn,na,102,2,Lycosidae ,Pardosa,na,adult 
7/1/2022,corn,na,102,2,Lycosidae ,Pardosa,na,adult 
7/1/2022,corn,na,103,1,Lycosidae ,Pardosa,na,adult
7/1/2022,corn,na,103,1,Lycosidae ,Pardosa,na,adult
7/1/2022,corn,na,103,1,Lycosidae ,Schizocosa ,na,adult
7/1/2022,corn,na,103,1,Lycosidae ,na,na,adult
7/1/2022,corn,na,103,1,Opiliones ,na,na,adult
7/1/2022,corn,na,104,1,Carabidae ,Discoderus ,na,adult
7/1/2022,corn,na,104,1,Carabidae ,Chlaenius ,na,adult
7/1/2022,corn,na,104,1,Carabidae ,Poecilus ,na,adult
7/1/2022,corn,na,104,1,Lycosidae ,Pardosa ,na,adult
7/1/2022,corn,na,104,1,Lycosidae ,Pardosa ,na,adult
7/1/2022,corn,na,104,1,Lycosidae ,Pardosa ,na,adult
7/1/2022,corn,na,104,1,Lycosidae ,Pardosa ,na,adult
7/1/2022,corn,na,104,1,Lycosidae ,na,na,adult
7/1/2022,corn,na,104,1,Opiliones ,na,na,adult 
7/1/2022,corn,na,104,1,Opiliones ,na,na,adult 
7/1/2022,corn,na,104,2,Lycosidae ,Schizocosa ,na,adult
7/1/2022,corn,na,104,2,Lycosidae ,Pardosa,na,adult
7/1/2022,corn,na,104,2,Lycosidae ,Pardosa,na,adult
7/1/2022,corn,na,104,2,Lycosidae ,Pardosa,na,adult
7/1/2022,corn,na,105,2,Lycosidae ,Pardosa,na,adult 
7/1/2022,corn,na,105,2,Lycosidae ,Pardosa,na,adult 
7/1/2022,corn,na,105,2,Lycosidae ,Pardosa,na,juvenile 
7/1/2022,corn,na,105,2,Lycosidae ,Varacosa?,na,adult 
7/1/2022,corn,na,105,2,Opiliones ,na,na,adult 
7/1/2022,corn,na,105,2,Opiliones ,na,na,adult 
7/1/2022,corn,na,105,2,Opiliones ,na,na,adult 
7/1/2022,corn,na,105,2,Opiliones ,na,na,adult 
7/1/2022,corn,na,201,1,Carabidae ,Amara,na,adult 
7/1/2022,corn,na,201,1,Carabidae ,Chlaenius ,tricolor ,adult 
7/1/2022,corn,na,201,1,Cicindelidae,Cicindelia ,sexguttata,adult
7/1/2022,corn,na,201,1,Lycosidae ,Pardosa,na,adult 
7/1/2022,corn,na,201,1,Lycosidae ,Schizocosa ,na,adult 
7/1/2022,corn,na,201,1,Lycosidae ,na,na,juvenile
7/1/2022,corn,na,201,1,Lycosidae ,na,na,adult
7/1/2022,corn,na,201,1,Lycosidae ,Schizocosa ,na,adult 
7/1/2022,corn,na,201,1,Lycosidae ,Pardosa ,na, adult 
7/1/2022,corn,na,201,1,Lycosidae ,Pardosa ,na, adult 
7/1/2022,corn,na,201,1,Lycosidae ,na,na,juvenile
7/1/2022,corn,na,201,1,Lycosidae ,na,na,juvenile
7/1/2022,corn,na,201,1,Lycosidae ,na,na,juvenile
7/1/2022,corn,na,201,1,Lycosidae ,Schizocosa ,na,adult
7/1/2022,corn,na,201,1,Lycosidae ,Varacosa,na,adult 
7/1/2022,corn,na,201,1,Opiliones ,na,na,adult 
7/1/2022,corn,na,201,1,Thomisidae ,Bassaniana,na,adult 
7/1/2022,corn,na,202,1,Salticidae,Phidippus,na,adult 
7/1/2022,corn,na,202,1,Thomisidae ,Misumenoides,na,adult 
7/1/2022,corn,na,202,2,Lycosidae ,Pardosa ,na, adult 
7/1/2022,corn,na,202,2,Lycosidae ,Pardosa ,na, adult 
7/1/2022,corn,na,202,2,Lycosidae ,Pardosa ,na, adult 
7/1/2022,corn,na,202,2,Lycosidae ,Schizocosa ,na, adult 
7/1/2022,corn,na,202,2,Lycosidae ,na,na,juvenile
7/1/2022,corn,na,202,2,Opiliones ,na,na,adult 
7/1/2022,corn,na,202,2,Opiliones ,na,na,adult
7/1/2022,corn,na,203,1,Lycosidae ,Pardosa ,na, adult 
7/1/2022,corn,na,203,1,Opiliones ,na,na,adult 
7/1/2022,corn,na,203,1,Opiliones ,na,na,adult 
7/1/2022,corn,na,203,1,Opiliones ,na,na,adult 
7/1/2022,corn,na,203,1,Opiliones ,na,na,adult 
7/1/2022,corn,na,203,2,Linyphiidae,na,na,adult
7/1/2022,corn,na,203,2,Linyphiidae,na,na,adult
7/1/2022,corn,na,203,2,Lycosidae ,na,na,juvenile 
7/1/2022,corn,na,203,2,Opiliones ,na,na,adult 
7/1/2022,corn,na,203,2,Opiliones ,na,na,adult 
7/1/2022,corn,na,204,1,Lycosidae ,Pardosa ,na, adult 
7/1/2022,corn,na,204,1,Lycosidae ,Pardosa ,na, adult 
7/1/2022,corn,na,204,1,Lycosidae ,Pardosa ,na, adult 
7/1/2022,corn,na,204,1,Opiliones ,na,na,adult 
7/1/2022,corn,na,204,1,Thomisidae ,Misumenoides,na,adult 
7/1/2022,corn,na,204,2,Lycosidae ,Pardosa ,na,adult 
7/1/2022,corn,na,204,2,Lycosidae ,na,na,juvenile
7/1/2022,corn,na,204,2,Opiliones ,na,na,adult 
7/1/2022,corn,na,301,2,Lycosidae ,Pardosa ,na, adult 
7/1/2022,corn,na,301,2,Lycosidae ,Pardosa ,na, adult 
7/1/2022,corn,na,301,2,Lycosidae ,Schizocosa ,na, adult 
7/1/2022,corn,na,301,2,Lycosidae ,Schizocosa ,na, adult 
7/1/2022,corn,na,301,2,Opiliones ,na,na,adult 
7/1/2022,corn,na,302,1,Lycosidae ,Pardosa,na,juvenile 
7/1/2022,corn,na,302,1,Opiliones ,na,na,adult
7/1/2022,corn,na,302,1,Opiliones ,na,na,adult
7/1/2022,corn,na,302,1,Opiliones ,na,na,adult
7/1/2022,corn,na,302,2,Linyphiidae,na,na,adult
7/1/2022,corn,na,302,2,Linyphiidae,na,na,adult
7/1/2022,corn,na,302,2,Linyphiidae,na,na,adult
7/1/2022,corn,na,302,2,Linyphiidae,na,na,adult
7/1/2022,corn,na,302,2,Linyphiidae,na,na,adult
7/1/2022,corn,na,302,2,Lycosidae ,Pardosa,na,adult 
7/1/2022,corn,na,302,2,Lycosidae ,Pardosa,na,adult 
7/1/2022,corn,na,302,2,Lycosidae ,Pardosa,na,juvenile 
7/1/2022,corn,na,303,1,Linyphiidae,na,na,adult
7/1/2022,corn,na,303,1,Lycosidae ,Pardosa ,na,adult
7/1/2022,corn,na,303,1,Lycosidae ,Schizocosa ,na,adult
7/1/2022,corn,na,303,1,Opiliones ,na,na,adult 
7/1/2022,corn,na,303,2,Lycosidae ,Pardosa ,na, adult 
7/1/2022,corn,na,303,2,Lycosidae ,na,na, adult 
7/1/2022,corn,na,303,2,Lycosidae ,Schizocosa ,na, adult 
7/1/2022,corn,na,303,2,Opiliones ,na,na,adult
7/1/2022,corn,na,304,1,Lycosidae ,Pardosa,na,adult 
7/1/2022,corn,na,304,1,Lycosidae ,Pardosa,na,juvenile 
7/1/2022,corn,na,304,1,Opiliones ,na,na,adult
7/1/2022,corn,na,304,1,Opiliones ,na,na,adult 
7/1/2022,corn,na,304,1,Opiliones ,na,na,juvenile 
7/1/2022,corn,na,304,1,Staphylinidae,na,na,adult 
7/1/2022,corn,na,304,2,Lycosidae ,na,na,juvenile 
7/1/2022,corn,na,304,2,Lycosidae ,na,na,juvenile 
7/1/2022,corn,na,304,2,Opiliones ,na,na,adult 
7/1/2022,corn,na,401,1,Lycosidae ,Pardosa,na,adult
7/1/2022,corn,na,401,1,Lycosidae ,na,na,juvenile 
7/1/2022,corn,na,401,2,Carabidae ,Poecilus ,lucublandus ,adult
7/1/2022,corn,na,401,2,Lycosidae ,Pardosa,na,adult
7/1/2022,corn,na,401,2,Lycosidae ,Allocosa ,na,adult
7/1/2022,corn,na,401,2,Lycosidae ,na,na,juvenile 
7/1/2022,corn,na,402,1,Carabidae ,Poecilus ,lucublandus ,adult 
7/1/2022,corn,na,402,1,Lycosidae ,Pardosa ,na, adult 
7/1/2022,corn,na,402,1,Lycosidae ,Pardosa ,na, adult 
7/1/2022,corn,na,402,1,Lycosidae ,Pardosa ,na, adult 
7/1/2022,corn,na,402,1,Lycosidae ,Pardosa ,na, adult 
7/1/2022,corn,na,402,1,Lycosidae ,na,na,juvenile
7/1/2022,corn,na,402,2,Lycosidae ,na,na,adult
7/1/2022,corn,na,402,2,Lycosidae ,na,na,adult
7/1/2022,corn,na,402,2,Lycosidae ,na,na,adult
7/1/2022,corn,na,402,2,Lycosidae ,na,na,adult
7/1/2022,corn,na,402,2,Thomisidae ,Misumenoides,na,adult
7/1/2022,corn,na,403,1,Carabidae ,Poecilus ,na,
7/1/2022,corn,na,403,1,Carabidae ,Poecilus ,na,
7/1/2022,corn,na,403,1,Linyphiidae,na,na,adult
7/1/2022,corn,na,403,1,Lycosidae ,na,na,adult
7/1/2022,corn,na,403,1,Lycosidae ,na,na,juvenile 
7/1/2022,corn,na,403,1,Opiliones ,na,na,adult 
7/1/2022,corn,na,403,2,Lycosidae ,Pardosa,na,adult 
7/1/2022,corn,na,403,2,Lycosidae ,Pardosa,na,adult 
7/1/2022,corn,na,403,2,Lycosidae ,Pardosa,na,adult 
7/1/2022,corn,na,403,2,Lycosidae ,Pardosa,na,juvenile 
7/1/2022,corn,na,404,1,Carabidae ,Poecilus ,lucublandus ,adult
7/1/2022,corn,na,404,2,Linyphiidae,na,na,adult
7/1/2022,corn,na,404,2,Lycosidae ,Gladicosa ,na,adult
7/1/2022,corn,na,404,2,Lycosidae ,na,na,juvenile 
7/1/2022,corn,na,404,2,Lycosidae ,na,na,juvenile 
7/1/2022,corn,na,404,2,Lycosidae ,Schizocosa ,na,adult
7/1/2022,corn,na,404,2,Lycosidae ,Pardosa,na,adult
7/1/2022,corn,na,404,2,Lycosidae ,Pardosa,na,adult
7/1/2022,corn,na,404,2,Lycosidae ,Schizocosa ,na,adult
7/1/2022,corn,na,404,2,Lycosidae ,na,na,adult
7/1/2022,corn,na,501,2,Lycosidae ,Pardosa ,na, adult 
7/1/2022,corn,na,501,2,Lycosidae ,Pardosa ,na, adult 
7/1/2022,corn,na,501,2,Lycosidae ,na,na,juvenile
7/1/2022,corn,na,502,1,Lycosidae ,Schizocosa ,na,adult
7/1/2022,corn,na,502,1,Lycosidae ,na,na,adult
7/1/2022,corn,na,502,1,Thomisidae ,na,na,juvenile 
7/1/2022,corn,na,502,2,Lycosidae ,Schizocosa ,na,adult 
7/1/2022,corn,na,502,2,Lycosidae ,Pardosa,na,adult 
7/1/2022,corn,na,503,1,Lycosidae ,Pardosa ,na, adult 
7/1/2022,corn,na,503,1,Lycosidae ,Pardosa ,na, adult 
7/1/2022,corn,na,503,1,Lycosidae ,na,na,juvenile 
7/1/2022,corn,na,503,1,Lycosidae ,Schizocosa ,na,adult 
7/1/2022,corn,na,503,2,Linyphiidae,na,na,adult 
7/1/2022,corn,na,503,2,Lycosidae ,na,na,juvenile 
7/1/2022,corn,na,503,2,Opiliones ,na,na,adult 
7/1/2022,corn,na,503,2,Opiliones ,na,na,adult 
7/1/2022,corn,na,503,2,Opiliones ,na,na,adult 
7/1/2022,corn,na,503,2,Opiliones ,na,na,adult 
7/1/2022,corn,na,504,1,Linyphiidae,na,na,adult 
7/1/2022,corn,na,504,1,Lycosidae ,na,na,juvenile 
7/1/2022,corn,na,504,1,Lycosidae ,na,na,adult
7/1/2022,corn,na,504,1,Lycosidae ,Pardosa,na,adult
7/1/2022,corn,na,504,1,Lycosidae ,Pardosa,na,adult
7/1/2022,corn,na,504,1,Lycosidae ,Pardosa,na,adult
7/1/2022,corn,na,504,1,Lycosidae ,Pardosa,na,adult
7/1/2022,corn,na,504,1,Lycosidae ,na,na,juvenile 
7/1/2022,corn,na,504,1,Opiliones ,na,na,adult 
7/1/2022,corn,na,504,2,Lycosidae ,Pardosa ,na, adult 
7/1/2022,corn,na,504,2,Lycosidae ,Pardosa ,na, adult 
7/1/2022,corn,na,504,2,Lycosidae ,Pardosa ,na, adult 
7/1/2022,corn,na,504,2,Lycosidae ,Schizocosa ,na,adult 
7/1/2022,corn,na,504,2,Lycosidae ,na,na,juvenile
7/1/2022,corn,na,504,2,Lycosidae ,na,na,juvenile
7/1/2022,corn,na,504,2,Lycosidae ,na,na,juvenile
